sequence,lag,start,end,e_window,reference_e_window,absolute_gap_window,direct_mass_ratio,path_mass_ratio,path_to_direct_mass_ratio,direct_entropy_fraction,path_entropy_fraction,direct_effective_support,path_effective_support,direct_spread_rms,path_spread_rms,direct_displacement_rms,path_displacement_rms
starwarps,2,0,2,0.18145900376703325,0.3573905887245764,0.17593158495754316,0.6283447980153628,0.5338418890071042,0.8496002365154488,0.9682148616269376,0.9611213134059139,56.15190800347182,54.452809674438015,0.10891764581918982,0.10409884156631376,0.1535033577219838,0.18499693131134293
starwarps,2,1,3,0.22193716715255504,0.3704002650475705,0.14846309789501547,0.707538400381181,0.5402980480141378,0.7636307057299736,0.9697750909659061,0.9620505007587659,56.5429988093303,54.66994115128161,0.11233776312956952,0.10898794984616274,0.1517681394076955,0.18641367724131003
starwarps,2,2,4,0.2112641503073952,0.39518366564696583,0.18391951533957063,0.7657662003786311,0.6488819437185686,0.8473629985206067,0.9788779515646352,0.9744034513060456,58.693837793949115,57.56066528097731,0.11650394177286862,0.1169879702994843,0.1472260692145393,0.1840645940035015
starwarps,2,3,5,0.21821872143134813,0.44728920186699855,0.22907048043565043,0.858900740353736,0.7366110904013278,0.857620742180239,0.9820583508996149,0.9784811674158881,59.449591663848956,58.54774751550367,0.12058745664170717,0.1278553063036232,0.14498970231443026,0.1798151747896467
starwarps,2,4,6,0.16190844074153157,0.47449552469332934,0.3125870839517978,0.9341304975624678,0.9065758782739466,0.9705023876637979,0.9835962213636883,0.9763119680749295,59.80490625382634,58.05593198307434,0.11588132702914944,0.1212659949941665,0.1476874866439732,0.17238157897698222
starwarps,2,5,7,0.2139364644402339,0.4394475927422175,0.2255111283019836,0.8078433526732829,0.9464587959613238,1.1715870321013848,0.9793896802056848,0.9649078369573858,58.782267179767715,55.361756400102514,0.11270605241441779,0.11074186889378974,0.1532073992182901,0.18277493192073416
starwarps,2,6,8,0.19811304905006613,0.3880528825345347,0.18993983348446855,0.7626370796761252,0.778283264685335,1.0205158986183238,0.9755322176051114,0.964763224144217,57.844246863781926,55.2936906493909,0.11049211987194348,0.10602739216573362,0.15605823659433035,0.18974576389664605
starwarps,2,7,9,0.18139153568398061,0.36782055196474944,0.18642901628076883,0.7183402944986413,0.7147110494811212,0.9949477357106172,0.9695872362730248,0.9579685111193756,56.451178106614314,53.75643555884761,0.10950871785306811,0.10358508606980417,0.15090803848731543,0.18242980578415188
starwarps,2,8,10,0.19660332527974908,0.37147917730750113,0.17487585202775205,0.7235661995779906,0.6311588559136069,0.8722890266042292,0.9740550756341003,0.9627336079913402,57.4814346569455,54.82049230499445,0.11149574349682076,0.10857355127227991,0.14847858031159472,0.1813311148963616
starwarps,2,9,11,0.1693553305003398,0.40051422724815106,0.23115889674781126,0.6582509653165105,0.572298607102073,0.8694231186229883,0.9683581128095777,0.9575681115831333,56.151459183427484,53.65690931658623,0.10769382803065768,0.10241457993651196,0.1490341262299565,0.17627202955064183
starwarps,2,10,12,0.19506852346644588,0.37570373364161536,0.18063521017516948,0.59051682912849,0.4721415813000835,0.7995395863601216,0.965268600300035,0.9566633246820672,55.44473243562446,53.450741069494256,0.10750386871261178,0.10217497940455475,0.15438203082052704,0.18473374258940403
starwarps,2,11,13,0.2229474234007342,0.35119078487872574,0.12824336147799154,0.5876907835048292,0.4374185379770511,0.7443004897378261,0.9677794101750334,0.9586155379422039,56.014195872262256,53.88401960524679,0.10806422308443173,0.10323541336294154,0.15298363923914846,0.18389510002003726
starwarps,2,12,14,0.20519493666212768,0.37463529073409274,0.16944035407196506,0.6250248162075214,0.47514703477413234,0.760205070987731,0.9687526069581229,0.95979790817034,56.22774581575577,54.15177237162512,0.10731127299364786,0.10241671972684911,0.14882485371532828,0.17582656605507788
starwarps,3,0,3,0.31533945939292884,0.6150043751498313,0.29966491575690246,0.7105978431301262,0.4769699492539663,0.6712234688933928,0.9717984386590399,0.9619884363553807,57.02316401542655,54.643388670553215,0.11399057697357431,0.10832307770475982,0.1550656875934057,0.2061517232434379
starwarps,3,1,4,0.347102592107673,0.6422884323583616,0.2951858402506886,0.7388999212901074,0.4951916211887296,0.6701741425606501,0.9804959682665442,0.9752013450060686,59.09040322755457,57.7327000798765,0.11726125053584145,0.11621945215805086,0.15068227595240447,0.20820841292874015
starwarps,3,2,5,0.3469789236287702,0.7023179333964619,0.35533900976769167,0.8839860201935494,0.6620185853470704,0.7489016457546702,0.9835297549100778,0.9813784383964324,59.80866483352082,59.236009201156854,0.1208637390549408,0.12972033796716834,0.14405025393961837,0.2036754673305033
starwarps,3,3,6,0.26091308872406194,0.737786411952224,0.4768733232281621,0.9865399206467391,0.839565253200236,0.851020050612699,0.9834701248155876,0.978036151649355,59.77240633187533,58.44746776685609,0.11459777257958509,0.12338810512205116,0.1432206251977169,0.1834439264868188
starwarps,3,4,7,0.27632461955817433,0.7318245315331978,0.4554999119750235,0.7692395778125507,0.9107454151371734,1.18395548201903,0.9782044403285624,0.9604860683074327,58.49178937142488,54.32175904959628,0.11153200009430474,0.10840090270863455,0.15377397544542243,0.19710455990446105
starwarps,3,5,8,0.31821075061233667,0.6798824774328165,0.3616717268204798,0.7621304204880517,0.9587376404165586,1.257970571234519,0.9765782531777824,0.9633578855201026,58.0976820479605,54.959159850502346,0.11246651462194197,0.10353023280724583,0.15952826609677315,0.21029313399402882
starwarps,3,6,9,0.2673796801305897,0.6257417601344173,0.3583620800038276,0.6682511994391546,0.7119964641928442,1.0654623063758117,0.9707626828452998,0.9566495097914524,56.731074337520795,53.445378516618106,0.11110973909468862,0.10123351657434734,0.1571202934538703,0.20550047722159925
starwarps,3,7,10,0.25793538054936355,0.611743444106511,0.3538080635571475,0.7222589809420826,0.6564126396156101,0.9088327828882301,0.974360001866851,0.960916617627383,57.55609476942658,54.399552362491605,0.11244301727732246,0.10643885248066223,0.15019587621256786,0.1983508055951006
starwarps,3,8,11,0.24626530733843896,0.6284091699013973,0.3821438625629583,0.646888691691698,0.5146073693277156,0.7955114626937602,0.9688877946011271,0.9554433314111654,56.277211420708156,53.175612228839526,0.10825976931026161,0.09899879175803306,0.15145404824003852,0.19126133884324117
starwarps,3,9,12,0.2544789960318153,0.6351677637695728,0.38068876773775756,0.6074713392205445,0.4431386501560943,0.7294807533219462,0.9649801414521612,0.9552816210036768,55.37677227369089,53.139093512865486,0.10778032180135476,0.10009581885961459,0.15214197885645686,0.19114143599912636
starwarps,3,10,13,0.32633176530346913,0.6073335704584996,0.2810018051550304,0.5988320688164372,0.3707266769395383,0.6190828718847035,0.9677695789927876,0.9576011689565814,56.01557123710389,53.653941265566104,0.10855183940619696,0.10158402076794067,0.15373579770623294,0.19842734733390222
starwarps,3,11,14,0.3384876431761999,0.6050046217763635,0.2665169786001636,0.587231556845212,0.34736071689337206,0.5915225652372981,0.9692798262303497,0.9581324977000711,56.35314921847123,53.773402560935686,0.10806871459142628,0.10052787443862216,0.15457054019158384,0.19614857332315075
starwarps,4,0,4,0.4236729737410653,0.7971831149212362,0.3735101411801709,0.7445854015465441,0.43828424250375586,0.5886285731541551,0.9812685323003711,0.9754086425461962,59.2774614334227,57.77876575901145,0.11861706111295191,0.1162294865402767,0.1525426551509538,0.2228633910063364
starwarps,4,1,5,0.46682414343643297,0.8410577539854033,0.3742336105489703,0.858907884202059,0.5068740795869313,0.5901378819660348,0.9837908918353421,0.9817704746068501,59.87374155090727,59.328153234848315,0.12047842013856275,0.12992444989525537,0.14543981388823263,0.22256651414318232
starwarps,4,2,6,0.34761854291278843,0.8667462943551295,0.5191277514423411,1.0264855501732142,0.7561836986431266,0.7366725216107762,0.9822555518781111,0.9796133071255941,59.47138900542718,58.80359878270423,0.11252614021058183,0.12369025036769195,0.1390834109918127,0.1936565538822457
starwarps,4,3,7,0.27570225216621835,0.8690117723280905,0.5933095201618721,0.819423613143181,0.8514611614642923,1.039097663049055,0.9764453960433594,0.9575198134158224,58.06488633923655,53.64091502041033,0.10933590862239555,0.10627622770643656,0.14805459857210376,0.19369886836673458
starwarps,4,4,8,0.34332364941545807,0.8529113707613689,0.5095877213459108,0.7248162404722226,0.9353580038642202,1.290476056737951,0.9753406216639855,0.9621360079429323,57.79783117113191,54.67745468113381,0.11116709061189126,0.1022098538004169,0.16005868340913204,0.21821875247488295
starwarps,4,5,9,0.35622455997266533,0.8116771597659486,0.45545259979328323,0.6667677543320795,0.8855755822741688,1.3281619822201443,0.9715979188366402,0.9561751764625809,56.92621769947695,53.33736299934791,0.11263928489373662,0.1005525447286448,0.16060235445499238,0.21922856082043216
starwarps,4,6,10,0.30446533096290535,0.7790431369128529,0.47457780594994753,0.6729692036675198,0.6587259354321048,0.9788351856848834,0.9751993869018304,0.9603959998815642,57.760484432092696,54.281087504326976,0.11367430894505069,0.1057031213641737,0.1561887890441654,0.21496641650521958
starwarps,4,7,11,0.26443117145754963,0.7766646363317373,0.5122334648741877,0.6447956365758936,0.5396269156019114,0.8368960411511662,0.9691624567687354,0.9546171417123268,56.34421866529585,52.99214005542925,0.10937193622511937,0.09795311685949668,0.15358130403690554,0.20054097400569668
starwarps,4,8,12,0.2952427219913723,0.7776606108764116,0.4824178888850393,0.5956637723135498,0.402510364837702,0.6757341700912199,0.9654254897539676,0.9549124563460292,55.48227999157629,53.0571503307493,0.10839431161987881,0.09963257619909428,0.1550589112903186,0.19865571498222834
starwarps,4,9,13,0.362762310656769,0.7795927526745101,0.4168304420177411,0.6165956164965133,0.3502302405541995,0.5680063743303955,0.9674435704240844,0.9573217649001655,55.938650689702655,53.59145844745427,0.10881954000250899,0.10111885714718685,0.15145174278650922,0.19775381144481952
starwarps,4,10,14,0.4200308686511765,0.7726153407492552,0.3525844720980787,0.5990221807459644,0.29618971256014603,0.49445533417694143,0.9692077996668366,0.9577335762807101,56.33823671957543,53.68353142284851,0.10852226158332498,0.10015266739666419,0.15519482464163808,0.20458361224438823
starwarps,5,0,5,0.5406274379768968,0.9167901868259685,0.37616274884907164,0.8761931666769467,0.4489077329352914,0.5123387741516182,0.9833019633473765,0.9818835364379255,59.74947073108753,59.355274881436245,0.12039827925737656,0.13014903220669194,0.14442149797312914,0.2340442731696577
starwarps,5,1,6,0.4578972772881207,0.931007248362402,0.4731099710742813,1.0081686234633143,0.5793252423771975,0.5746312956924495,0.9808373494809437,0.9798355379964736,59.12228868130018,58.85231283664426,0.11062151070432066,0.12308545114573102,0.1384124542448642,0.2044258205648554
starwarps,5,2,7,0.28060471732985287,0.9319396341635864,0.6513349168337335,0.8585852320485291,0.7680293328027638,0.8945289345011155,0.9748062856910197,0.9566695867762275,57.67071313759802,53.44759309599341,0.10719114797010701,0.10578279500362713,0.14321750510380798,0.1892734495173317
starwarps,5,3,8,0.30340977217016946,0.9279961818049959,0.6245864096348264,0.7741148481968206,0.8788831349950507,1.1353394616344996,0.9734170197207119,0.960999363517708,57.33442250545257,54.41825726027689,0.10862115434514963,0.10129014283552873,0.15378552074018753,0.20872165930361145
starwarps,5,4,9,0.3693389282163164,0.9163648694094784,0.547025941193162,0.6354985835768627,0.8663662392485334,1.3632858697689725,0.9697340088336969,0.9558202024355331,56.48371474823933,53.25820469813471,0.11101838267487635,0.10041165826046372,0.1605552140433012,0.22455308704250088
starwarps,5,5,10,0.3710631576481435,0.8937086881665559,0.5226455305184123,0.6705812211981304,0.820369897080535,1.2233714144496568,0.9758839011976863,0.9602863492722009,57.923489289405076,54.25628097463855,0.11498334354961667,0.10552628505033848,0.1592815018757125,0.22698761041217913
starwarps,5,6,11,0.2889284825366223,0.8769113827659802,0.587982900229358,0.6002402899500101,0.5423508580619864,0.9035562376313576,0.9700660758328434,0.9544014475464846,56.560535862042016,52.94451593156962,0.1110084147027361,0.09762645553602277,0.16015349633610643,0.21535646287079524
starwarps,5,7,12,0.2918119742026819,0.8701808278147557,0.5783688536120738,0.5935833040194779,0.4229495485192197,0.712536127035913,0.965687281761482,0.954841437894738,55.545332505995134,53.041462659887564,0.10936298081958601,0.0996571387440381,0.1570526478777516,0.20472175915688354
starwarps,5,8,13,0.39636930501609086,0.8693263806611449,0.472957075645054,0.6040797779302063,0.31844965064589936,0.5271648915926667,0.9678490176412211,0.9572758868315718,56.03593991651858,53.581215073991835,0.10952359211559215,0.10109598804260782,0.1545659034289865,0.20302392635683225
starwarps,5,9,14,0.450876617778603,0.8773160685900361,0.4264394508114331,0.6175967662206845,0.28009261772473637,0.45352021423093314,0.968863795402539,0.9576746475648075,56.25611345008044,53.67020054591245,0.10878600740542647,0.10007198717990104,0.15288540119523122,0.20135052197518713
starwarps,6,0,6,0.5263685728271702,0.9639318295019215,0.43756325667475127,1.0337219179429094,0.5136893202838737,0.4969318260234895,0.9805066292302909,0.9796976930090403,59.040597962251645,58.81809352396181,0.11031690412365361,0.12259074293222673,0.1370800174242594,0.21225583044956509
starwarps,6,1,7,0.32970897985774056,0.963581438513088,0.6338724586553475,0.8460590779838773,0.5890688031573649,0.6962502010628983,0.9741701034796378,0.9564952873366984,57.516744589643594,53.407904880268916,0.10559883205957249,0.10547447915408661,0.14218917096499556,0.1894636479090199
starwarps,6,2,8,0.2717625746655483,0.9621359514098209,0.6903733767442726,0.8134115609232482,0.7934961094248363,0.9755161440343838,0.9720280674918605,0.9604527781546957,57.00296310732943,54.29399357239792,0.10666055233357144,0.1008360190505942,0.14872017129401627,0.19719969216268254
starwarps,6,3,9,0.31975499306780286,0.9596222481527654,0.6398672550849626,0.6810916175548296,0.8152066732472808,1.1969119164524948,0.9675200645348377,0.9554106473878852,55.96478132740368,53.16733780461831,0.10853146360543331,0.10035997967474007,0.15410454730404627,0.21339961968563345
starwarps,6,4,10,0.3802006223567551,0.953771684435617,0.5735710620788619,0.637437257830568,0.802689260374078,1.2592443421112893,0.9747607516288029,0.9602503202774643,57.650141510928314,54.24814724868882,0.1136494647577705,0.10560048044921984,0.15961171978559915,0.23189335541870731
starwarps,6,5,11,0.340185390266233,0.9419549829019278,0.6017695926356947,0.5961280577089043,0.6755983017274306,1.1333106922092442,0.9708609844749921,0.9543468576579628,56.74438250732837,52.93247691216932,0.1128686506818545,0.09762380543282918,0.1640785384571022,0.22770461442205694
starwarps,6,6,12,0.2943806925237286,0.9298756077665715,0.6354949152428429,0.5506184352415621,0.4253052196000756,0.7724136940919709,0.9666189555484445,0.9548263960702404,55.76711186479086,53.03814372916691,0.11085841648314278,0.09968276096558709,0.16363488280372687,0.2182093984022141
starwarps,6,7,13,0.3859669855086499,0.9254753767957571,0.5395083912871073,0.6029972806769067,0.3346446107498459,0.5549686896998671,0.9680978759995805,0.9572804026957132,56.09642618657195,53.58221906611663,0.11031771337751484,0.10112320190660458,0.1560453663435982,0.2080184633947811
starwarps,6,8,14,0.4806893771927526,0.9286365926470455,0.44794721545429284,0.6042728288929381,0.25470392708466333,0.4215048483171009,0.9691142078773897,0.9576527392315898,56.316804237599534,53.665263857183426,0.10947790032410422,0.10010271715924786,0.15618411662050655,0.20569554825208605
starwarps,7,0,7,0.38039527028138015,0.9805220424631534,0.6001267721817733,0.8687628633850499,0.5230494540277011,0.6020623993867438,0.9746899603708231,0.9563400041351048,57.63945378235943,53.373169385893654,0.10570877547740924,0.10523104106465854,0.14124090263092037,0.19068315610338316
starwarps,7,1,8,0.2844408705192863,0.979575855794463,0.6951349852751767,0.8038461044995052,0.6088216383433565,0.7573858166824409,0.971736046712657,0.9603427312605005,56.9315649371622,54.26901766388166,0.10543177831193577,0.10073187440728591,0.14751232223573918,0.19115309058160254
starwarps,7,2,9,0.27822290348956696,0.9787755827732446,0.7005526792836776,0.7176927569863427,0.7364357783778964,1.026115661902814,0.9659390997246476,0.9551790936897487,55.597489921684904,53.11603129323519,0.10663579975484257,0.1004229642418427,0.14881782868487453,0.2005633430992572
starwarps,7,3,10,0.337641734498195,0.9777739839290981,0.6401322494309031,0.6816061978120767,0.7553063498950021,1.1081271741945709,0.9733496459711048,0.9602278434071285,57.31135424654835,54.243075310218835,0.11181996331127599,0.10574443209709708,0.15348253934499914,0.2205000773916201
starwarps,7,4,11,0.3551836975158416,0.97510281576028,0.6199191182444383,0.5652004685379114,0.6609682153631425,1.1694403174734938,0.9700528693749957,0.9543298137233559,56.5512153224641,52.92872247750923,0.11238011191706884,0.09761841564777014,0.16506919592889102,0.2340484651174364
starwarps,7,5,12,0.2951643793180409,0.9672723804454393,0.6721080011273983,0.5454133033780185,0.5298181845029443,0.9714067867826365,0.9672958646616351,0.9548272106234622,55.922287185988154,53.0383233465337,0.11233444351473922,0.09966975615835795,0.16811358423190934,0.23004560848663116
starwarps,7,6,13,0.37732389681602907,0.9604669553797444,0.5831430585637153,0.559915327225251,0.3365052727359044,0.6009931437374818,0.9689639096224847,0.9572833796982317,56.304482116659166,53.58288218552872,0.1114658431965018,0.10112653604048849,0.16211030215952027,0.2209354993216189
starwarps,7,7,14,0.4681353167479644,0.959925860709303,0.4917905439613386,0.6034881816668505,0.2676554574600703,0.4435140000932558,0.9693157589139999,0.9576421648660557,56.36527189151484,53.66289708395407,0.11014750307271295,0.10015492023316581,0.15743363742822344,0.2102852489910947
starwarps,8,0,8,0.3190010001161392,0.9890492453429824,0.6700482452268433,0.8271928566517388,0.5408777759223251,0.6538714298279333,0.9722686493471241,0.9603622957075489,57.055740356436054,54.273421099505065,0.10558285190026027,0.10072508440098853,0.14634100341036757,0.18767097784829884
starwarps,8,1,9,0.2764305657744738,0.9885304683512962,0.7120999025768224,0.7106177922521245,0.5650791303246211,0.795194176793329,0.9657453351329932,0.9551100932871196,55.549944957244996,53.100762258013134,0.105330561982528,0.10044063119826577,0.14722286892734934,0.1929367877168856
starwarps,8,2,10,0.3068354180277259,0.9882830340386578,0.681447616010932,0.718453178905227,0.6822769354108547,0.9496470409533195,0.9721567016963574,0.9602262145585218,57.02740867024868,54.24270757311787,0.11027888550037963,0.10583180501310119,0.14832190891626523,0.20689868152868912
starwarps,8,3,11,0.3243152136822718,0.9882132768321713,0.6638980631498995,0.604256518660258,0.6218241669933822,1.0290731631196544,0.9686946216004042,0.9543103730910565,56.23059703209834,52.924442380621606,0.11063330846555275,0.09762581163132694,0.15897243787071774,0.2232971888043327
starwarps,8,4,12,0.3095196249711025,0.9862426777295428,0.6767230527584402,0.5183382369607543,0.5183540836498571,1.0000305721013285,0.9658514655906283,0.9548262594263687,55.58367268926099,53.03811351834409,0.11128402406234492,0.09966324004082917,0.1682163757128631,0.2354368551690716
starwarps,8,5,13,0.3407723816855176,0.9818157844237018,0.6410434027381842,0.5558271525956112,0.4191968597269845,0.7541856452485486,0.9695392658549923,0.9572843241738485,56.43759431805447,53.583092608969935,0.11234740906594674,0.10112697276299172,0.1657957857695029,0.23216390381359828
starwarps,8,6,14,0.4527662369427668,0.9789499321613417,0.526183695218575,0.5593651195236655,0.2691424117436511,0.48115694445310203,0.9698609701432327,0.9576448824025713,56.49613316232615,53.663502159989235,0.11103651625621934,0.10016430575035819,0.16349934062680252,0.2230464972932482
starwarps,9,0,9,0.30080360254769467,0.993838400161536,0.6930347976138413,0.7312563484839205,0.5020173173119141,0.6865134481946352,0.9667579869737272,0.9551125225421445,55.78298362581006,53.10129591444142,0.10547522222643867,0.10044026366020627,0.1460165445648184,0.1881471986585325
starwarps,9,1,10,0.3182540026097417,0.9936638837054239,0.6754098810956822,0.7138647572882332,0.5235099872633819,0.7333461722526348,0.9717348491946237,0.9602260827914383,56.92569800885561,54.24267780730729,0.10881543858291985,0.10584203468585579,0.14628568032973052,0.1978484911945595
starwarps,9,2,11,0.3074356416857206,0.9938690388740314,0.6864333971883109,0.6381376130559195,0.5616320154553465,0.8801111295819058,0.9670106781696154,0.9543001418904162,55.8379872330496,52.922189874185804,0.10857431335667009,0.09763075730394655,0.153243133353084,0.20923543857131682
starwarps,9,3,12,0.30892741569891696,0.9935749154338408,0.6846474997349239,0.5576730454398922,0.4876634555828673,0.8744612270047921,0.9640487980958593,0.9548246139823234,55.16464607177093,53.03775056229129,0.10931052825941676,0.09966556189367187,0.1613271628762881,0.2237499589499561
starwarps,9,4,13,0.3490577841233244,0.9924040992136914,0.6433463150903671,0.531995726709265,0.4101281168197797,0.7709237052648624,0.968033864210124,0.9572842551882911,56.08081851224521,53.58307722964215,0.11075165382357255,0.1011270357515767,0.16456068832784687,0.23566297280541004
starwarps,9,5,14,0.3980290361633371,0.9903454920180751,0.592316455854738,0.554909193208173,0.33527848988257647,0.6042042445615016,0.9700540715413999,0.9576488154118904,56.53888872491687,53.66437961648356,0.11180379642328471,0.1001647398889499,0.16715552422919117,0.23395177286513913
starwarps,10,0,10,0.3458763500606791,0.9966061746688137,0.6507298246081346,0.736514787101189,0.46508780898193236,0.6314711084246493,0.9722239991101412,0.960225998168336,57.04060333645781,54.2426587140021,0.10877302970271233,0.10584171863946856,0.14452233050043223,0.19204732412372233
starwarps,10,1,11,0.3316324457337645,0.9967198366112471,0.6650873908774826,0.6368441854822343,0.4309302528087278,0.6766651288217645,0.965990893109486,0.9542971486025074,55.600783631755945,52.92153093232247,0.10644021906330063,0.09763135812533368,0.15009696287883537,0.19852754991389518
starwarps,10,2,12,0.3179590029607724,0.9966885749915169,0.6787295720307445,0.5919763900270809,0.44046151410856826,0.7440525019729565,0.9625997977142441,0.9548237537148234,54.83082502187791,53.037560802481075,0.10743325698999256,0.09966697514209337,0.15472441861717962,0.20899033543698253
starwarps,10,3,13,0.3670522350307642,0.9964438269094291,0.629391591878665,0.5740687577994196,0.3858487852226153,0.6721299147190856,0.9663814070540823,0.9572835737126936,55.692475496717094,53.58292536505067,0.10885539070216214,0.10112703292325655,0.15711798306674418,0.22220654554328126
starwarps,10,4,14,0.4037483820528721,0.9959877140641094,0.5922393320112372,0.5342203347149072,0.3280247211597522,0.6140251500063291,0.9687659429818041,0.9576499451486481,56.23446745445318,53.664631689523574,0.11059577604770734,0.10016487513082518,0.164654565259607,0.23611061431796498
starwarps,11,0,11,0.36249480711887255,0.9982539927608819,0.6357591856420093,0.6593958356210282,0.3828400784270242,0.580592199322066,0.9664520715453029,0.9542973026749547,55.705738038330864,52.92156483519534,0.10590843517475047,0.09763133329988595,0.1474040362811553,0.19066441543524018
starwarps,11,1,12,0.37009586282272333,0.9982367689509687,0.6281409061282454,0.5918138276592702,0.33795900391076317,0.5710562817490284,0.9622705164306659,0.9548235039051565,54.75267238276662,53.03750569931661,0.10587581918127667,0.09966723786500374,0.15125028112745506,0.1981410942942967
starwarps,11,2,13,0.3936949876355588,0.9981613512609723,0.6044663636254135,0.6097769121890819,0.34850346221647377,0.571526168423393,0.9652305522277091,0.9572831847322748,55.42419612729025,53.58283868214825,0.10733629562641095,0.10112703602652097,0.1504743435303766,0.20642265488287453
starwarps,11,3,14,0.4333735046508318,0.9981266732990236,0.5647531686481918,0.5795704166008067,0.3086066740873583,0.5324748559413078,0.9677032866570291,0.957648636965943,55.98460951458532,53.66433972026625,0.10904463284555221,0.10016478851721558,0.15659779876599747,0.22135093153387259
starwarps,12,0,12,0.4110051754659708,0.9990581230984857,0.5880529476325149,0.6123002638238964,0.30024403752629886,0.49035425144394845,0.9631909256393348,0.954823516689271,54.960790509568895,53.037508519141895,0.10576849970798714,0.09966722588937656,0.14909324894309203,0.19096984142765538
starwarps,12,1,13,0.46440732031058424,0.9990183577932313,0.5346110374826472,0.6080254497093366,0.26740137995050917,0.4397864926185886,0.9650867412333946,0.9572830989299148,55.388130358807594,53.582819561446875,0.10624627717620895,0.10112703308415903,0.14783191781008664,0.19593085358620574
starwarps,12,2,14,0.47053962229451274,0.9990353400371157,0.528495717742603,0.6175271853457603,0.27873784040206534,0.4513774405672471,0.966898547732287,0.9576478834037689,55.79627597333045,53.66417153559515,0.1075129684639788,0.10016473895277317,0.14971021514612007,0.20478448345277328
starwarps,13,0,13,0.5086069949929908,0.9994738297785543,0.4908668347855635,0.6255216253421095,0.2375603690591455,0.37977962621071537,0.9659849415072607,0.9572831030260127,55.59428732926044,53.58282047423661,0.10649481940583796,0.10112703325262436,0.1469352904293192,0.19058886953994553
starwarps,13,1,14,0.5459222874369681,0.999485561036894,0.4535632735999259,0.615426913987393,0.21387135501778656,0.34751706523866405,0.9669862864022625,0.9576477207157218,55.81553889632388,53.664135226049446,0.10636171654026474,0.10016472787517991,0.14711830862341513,0.19451285079535596
starwarps,14,0,14,0.5872851054001039,0.9997237396277268,0.41243863422762284,0.6305482058758297,0.19000409517913355,0.30133159274510724,0.9679607011010609,0.9576477283321064,56.041768308649665,53.66413692588272,0.10662855669560622,0.10016472839612409,0.14711347067214486,0.1904983987899
static,2,0,2,0.2058601219937639,0.3573905887245764,0.1515304667308125,0.5576604692841877,0.38195752620300194,0.6849284595934909,0.9283642101373666,0.9199253296228064,47.635995413579856,45.87434788488537,0.09407140690857882,0.09211836183879533,0.1317403794046273,0.14494412634070353
static,2,1,3,0.26572413998032157,0.3704002650475705,0.10467612506724894,0.5521213323662327,0.33181382205327314,0.6009798980800377,0.9382383908238893,0.9285336242119175,49.6533421745513,47.548983537288706,0.09696173169274462,0.09501843894956037,0.13185679165845032,0.14522192169027803
static,2,2,4,0.2769590180702074,0.39518366564696583,0.11822464757675843,0.7016684666927403,0.411807807867576,0.5868979830440436,0.9562853760147164,0.9512592078363536,53.47638031012197,52.261295225591965,0.10066344009622509,0.09994216714754486,0.13451622763867124,0.1490079490009425
static,2,3,5,0.1842185769533188,0.44728920186699855,0.2630706249136797,0.9098248171624828,0.670042966950466,0.7364527261854247,0.979773492240904,0.9814490078016814,58.85845288369972,59.24898590849662,0.10497748112987872,0.1065060137627208,0.1376648229211442,0.1539032034046764
static,2,4,6,0.12186348089118862,0.47449552469332934,0.35263204380214075,0.9351538890237414,0.8894878587194835,0.951167363104343,0.9801330496515763,0.9820823562092427,58.969648712776845,59.41138551378732,0.10296876320267413,0.104964471036359,0.13702086511388706,0.1548172533158634
static,2,5,7,0.12431238591904416,0.4394475927422175,0.31513520682317336,0.822714594680184,0.8227684185783025,1.000065422320774,0.9678723452140425,0.9604103916522543,56.07746572220522,54.30046856918671,0.0974197037883597,0.09609060864258721,0.13598749149606354,0.1529832218432324
static,2,6,8,0.11783960436189173,0.3880528825345347,0.27021327817264296,0.7800262348669715,0.7082506730677729,0.9079831439112563,0.9555935575580592,0.9484444709190233,53.30938079969297,51.658446012327666,0.09522229196293953,0.09330738801389081,0.13475423699649297,0.14982591761222366
static,2,7,9,0.12591592402361762,0.36782055196474944,0.24190462794113182,0.7501761597135816,0.6435641029093653,0.8578839710863099,0.9498436516254465,0.9443081856930629,52.049361760150774,50.77472426606398,0.09433337360545008,0.09285257141605795,0.1323344169695647,0.14682838828061184
static,2,8,10,0.13893434408426072,0.37147917730750113,0.2325448332232404,0.837508309540227,0.6818438535404261,0.814133836970218,0.9600964170224131,0.9577879407614414,54.28358055095912,53.698098389775005,0.09804534899431389,0.09733365528810216,0.13423883469747294,0.148545142868116
static,2,9,11,0.11037391161655691,0.40051422724815106,0.29014031563159415,0.7319532647134157,0.6558062696468864,0.8959674083886443,0.947303380105101,0.9418280127777569,51.48959822897084,50.25064137115635,0.09485207555109118,0.09333978519148046,0.1318870610932259,0.14567597414233982
static,2,10,12,0.1476936863868359,0.37570373364161536,0.22801004725477947,0.6093899268032091,0.4815282657822654,0.790180875335942,0.93230623526962,0.9250992022101606,48.423678964071435,46.874215985521815,0.09279800407476141,0.09084304033054576,0.13359208279309157,0.14706495192018207
static,2,11,13,0.21361835817005403,0.35119078487872574,0.1375724267086717,0.6654794163995829,0.44608589478788313,0.6703226032163762,0.940992910987648,0.9374294815351905,50.176946549251966,49.339861601813475,0.09471226725547403,0.09328802856123802,0.13347332528608521,0.1468257262534586
static,2,12,14,0.17950921823846974,0.37463529073409274,0.195126072495623,0.6802572779350475,0.49165958439099255,0.7227553461588062,0.9378409243909288,0.9319893524367248,49.509068886287096,48.23539157140952,0.09283547497609945,0.09114178238616513,0.1304983974147254,0.14292867737039455
static,3,0,3,0.42942978055378644,0.6150043751498313,0.18557459459604486,0.5474365627561741,0.22719817363885084,0.41502192052167314,0.9409138893406919,0.9278527899770953,50.21296047901985,47.4100756745888,0.09758084276774522,0.0948834051405158,0.13435961504521246,0.15145872840126243
static,3,1,4,0.4897571680319006,0.6422884323583616,0.15253126432646102,0.6981794188544382,0.24876739959479743,0.35630869784585034,0.958576955603141,0.950390027900194,53.98357919312674,52.0686506997331,0.10101562716071064,0.09969322731770305,0.13575459624001596,0.15403707738642508
static,3,2,5,0.41471591828304133,0.7023179333964619,0.28760201511342054,0.9111893054436511,0.3965097096623378,0.43515623734113107,0.9803377287690255,0.9814284331104931,58.99561502954553,59.24294689034324,0.10500778312942594,0.10650111531000757,0.13767068183858172,0.15767121555146296
static,3,3,6,0.22184886720397445,0.737786411952224,0.5159375447482496,0.9462575666509883,0.6644436508844802,0.7021805418540441,0.9791168157364938,0.9822080540888612,58.7177316159794,59.43590447145173,0.10252063926361399,0.10511796667096526,0.1351460196271365,0.15677538705288505
static,3,4,7,0.15284576528884794,0.7318245315331978,0.5789787662443499,0.8313265818209993,0.79609397866848,0.9576188180157271,0.967052388326856,0.9605215691524877,55.878769982046585,54.310529927930816,0.09705322859445657,0.09591820799089368,0.1341365823326337,0.15539284806289222
static,3,5,8,0.14535558910370228,0.6798824774328165,0.5345268883291142,0.7689964158876665,0.7083490258427393,0.9211343657890514,0.9571972896685738,0.9484528967184348,53.67147576768969,51.65158080850123,0.09583312917402749,0.09322820147599523,0.13783144281693407,0.15763542575967418
static,3,6,9,0.17079070936268279,0.6257417601344173,0.4549510507717345,0.7386329268389471,0.5822148738907293,0.7882330352945077,0.9507329333253793,0.943960872601512,52.25301855801682,50.69523800328832,0.09466923559229155,0.09268914797667344,0.13553209426785123,0.1541205102828487
static,3,7,10,0.20477395591804262,0.611743444106511,0.40696948818846845,0.8313830970414624,0.5864537894802763,0.7053953725631601,0.9604282221937219,0.957463367698017,54.365969237051246,53.6231076650026,0.09822008631225172,0.09723382115667811,0.1355164760051622,0.15317888436582527
static,3,8,11,0.18701406301992785,0.6284091699013973,0.44139510688146943,0.7302905806246167,0.5370572160795722,0.73540208559205,0.9479767270516812,0.9412087781969571,51.636301565921656,50.11796481028481,0.09513836823667636,0.09319413822087544,0.1326973330908605,0.14918454673335446
static,3,9,12,0.1952685102446029,0.6351677637695728,0.43989925352496995,0.6164686725339869,0.4408632861129729,0.7151430490389882,0.9323834752889554,0.924257026166145,48.43248458401029,46.70629381163427,0.09286186779354236,0.09038330937800466,0.13163935147725278,0.14734844678539466
static,3,10,13,0.3183492377202274,0.6073335704584996,0.2889843327382722,0.6583426379659771,0.35175631496739634,0.5343058381486374,0.9410864000659137,0.9368365369176007,50.20700572803812,49.214899961432266,0.09490755717248327,0.09315138816116884,0.1356057386645232,0.15223093932378315
static,3,11,14,0.35644545874458766,0.6050046217763635,0.24855916303177583,0.6704295048161307,0.3277444248729744,0.48885740039567654,0.9386841626962162,0.9312880409261977,49.69182041026809,48.09216402246351,0.09311619160901752,0.09094858711441463,0.13352044344101446,0.1492762883344452
static,4,0,4,0.6178184526567323,0.7971831149212362,0.17936466226450387,0.6930013891477098,0.17036269890658684,0.24583312757295914,0.9606183095699697,0.9503703098191635,54.4492861168649,52.064280376067266,0.10145631188190615,0.09968154831735353,0.1379486254186584,0.15811956622273526
static,4,1,5,0.5985793346208859,0.8410577539854033,0.24247841936451742,0.9092105610491277,0.23958835716641033,0.2635125101164158,0.9809959191637152,0.9814028266314136,59.157887591794044,59.23660261164745,0.1050400952531565,0.10645577856361438,0.13832481331193758,0.16012765198963302
static,4,2,6,0.4431183026852343,0.8667462943551295,0.42362799166989523,0.9514166861672015,0.39322147876584135,0.41330101151572274,0.9778780578332517,0.982178185108236,58.414683113145855,59.427952718297746,0.1019421890719803,0.10499797324350016,0.1339100080669777,0.15658518779802347
static,4,3,7,0.22841262317193742,0.8690117723280905,0.640599149156153,0.8432128288672319,0.5946045090147255,0.7051653967522226,0.9651803795638506,0.960497748908622,55.43657065527198,54.304080144697686,0.09616701618520136,0.09581978157473629,0.13118860772421945,0.15252515310068707
static,4,4,8,0.15738869900806693,0.8529113707613689,0.695522671753302,0.7765459987991254,0.6861597473862111,0.8836047683553964,0.9565341816319841,0.9484384157799713,53.51376528154492,51.64770651172742,0.09546580361702298,0.09322293668434825,0.13594696143577875,0.15647094699110087
static,4,5,9,0.1755675621714391,0.8116771597659486,0.6361095975945095,0.7275125235730593,0.5826433598004173,0.8008705567553109,0.9519673472325946,0.9439747973846244,52.522360496739466,50.69775437319484,0.09517155716840031,0.0927251337036992,0.13877769079949115,0.15953173916460947
static,4,6,10,0.24391058146179623,0.7790431369128529,0.5351325554510566,0.818588818929623,0.530845394499944,0.648488450152631,0.9610200858147004,0.9574267993566398,54.510323934301795,53.61485764293509,0.09853232132075398,0.09723530140228073,0.13862521087638635,0.15834380405948667
static,4,7,11,0.2477953239197562,0.7766646363317373,0.5288693124119811,0.72444767719441,0.4621227708343348,0.6378966837522503,0.9485046662423996,0.9411222877002823,51.75883026067942,50.099831224611926,0.09538931863519964,0.09321710364081881,0.1341596553239071,0.15183936814732915
static,4,8,12,0.27934757929693965,0.7776606108764116,0.49831303157947193,0.6146871159184887,0.3612273262819941,0.5876604811249941,0.9331744678019873,0.9241473489480417,48.59664780343334,46.684902329265405,0.09316684393855951,0.09027069719140682,0.13261188988304623,0.14870946915444833
static,4,9,13,0.3607194891390579,0.7795927526745101,0.41887326353545223,0.6663078838221381,0.32239750561304226,0.48385665762151164,0.9411365455144733,0.9366917501365079,50.211696727269654,49.18514174123021,0.09497011091659731,0.09310760953611563,0.13356375833502085,0.15013489256273585
static,4,10,14,0.45069451719778936,0.7726153407492552,0.32192082355146584,0.6633964507315816,0.2585531149658412,0.389741480649638,0.938640011576143,0.9312144848994748,49.69221825824674,48.0773995240957,0.09325652023021683,0.09094582296746627,0.13554337907865693,0.1528459340759681
static,5,0,5,0.7057679594685341,0.9167901868259685,0.21102222735743437,0.9069446211203764,0.16407733056541085,0.18091218222643088,0.9815008043449379,0.9814071731811488,59.28428982287406,59.23767203407775,0.10513499392199793,0.10645560563574047,0.13926696280461323,0.16252369263216815
static,5,1,6,0.6223524870138276,0.931007248362402,0.3086547613485744,0.9535509657289262,0.23760640811951156,0.24918060665784894,0.9767902494498316,0.9821613297307961,58.15029397931366,59.423760608212206,0.10143932935561957,0.10493410890057872,0.13319743913511256,0.15729377385189097
static,5,2,7,0.4460243312144834,0.9319396341635864,0.48591530294910296,0.8495267312148937,0.3519639134934793,0.4143058723886671,0.9635233987169729,0.9604033199159577,55.053820627177025,54.282684557564174,0.09534963005718171,0.09569653356603043,0.12901918662410844,0.15006542717385668
static,5,3,8,0.24960184713564873,0.9279961818049959,0.6783943346693472,0.7884556185208802,0.5125975141183794,0.6501285577493854,0.9544941819238681,0.9483912286942967,53.04924365163475,51.63750983232519,0.09459892112040416,0.09314965600951594,0.13268145655691263,0.15227002150710778
static,5,4,9,0.1904200701424403,0.9163648694094784,0.725944799267038,0.7351374845465304,0.5644102724644559,0.7677615198912247,0.9505235450076276,0.9439552920707333,52.1963473672774,50.69360938227918,0.09467072644610379,0.09271885524383663,0.13672701597501638,0.15776868024133273
static,5,5,10,0.24135193049093567,0.8937086881665559,0.6523567576756202,0.8056185753697517,0.5312255292834406,0.6594007952704244,0.9619593837018308,0.957437337318642,54.72629023011524,53.617202201934056,0.09900788521722799,0.09723701463663999,0.1420203342068584,0.16352170862907825
static,5,6,11,0.28570716135569113,0.8769113827659802,0.591204221410289,0.7127484822164458,0.4183162765721693,0.5869058819617885,0.9494063670030284,0.941122529993332,51.966554619164505,50.099877980167165,0.09579121663774631,0.09321592258941978,0.13751633868344895,0.15678271714378111
static,5,7,12,0.34153874456090033,0.8701808278147557,0.5286420832538554,0.6096451687191965,0.31082099494667714,0.5098391833395169,0.9336610253260126,0.9241492239130629,48.705212557725076,46.685264290473974,0.09339813749907944,0.09024435477420906,0.1341578556872821,0.15107760048955965
static,5,8,13,0.44157504455972696,0.8693263806611449,0.4277513361014179,0.664147745826666,0.2642101686733605,0.39781836245562735,0.9418279486315472,0.9366512520264,50.36235334935473,49.176853694544384,0.09526625413610999,0.0930951429496866,0.1346259103170205,0.151150411508721
static,5,9,14,0.488602502137099,0.8773160685900361,0.3887135664529371,0.6716902483496828,0.23699437728803613,0.35283283905092,0.9385330692122309,0.9311979259680059,49.66487370076856,48.074087129567125,0.09329089126994218,0.09094092768793809,0.13337823386758474,0.15024898373438172
static,6,0,6,0.7248718479455941,0.9639318295019215,0.23905998155632735,0.9532278576991695,0.16272319721861425,0.17070755528629156,0.9767694285977718,0.9821551432606599,58.14405747030866,59.42223072724501,0.10145352662784979,0.1049319164947325,0.1334361949952271,0.15842432597763825
static,6,1,7,0.6230381809153455,0.963581438513088,0.3405432575977425,0.852884207994018,0.21270507793399862,0.24939502448319514,0.9622574959117326,0.9603583652822911,54.76319571419288,54.272527562865314,0.09473060676169048,0.09558865451558875,0.12759750846967013,0.14871672704734384
static,6,2,8,0.46860596365720864,0.9621359514098209,0.49352998775261225,0.795225463557549,0.3034986653838725,0.3816510905298858,0.9526538538763103,0.9483581955905559,52.64168685197405,51.63041241988902,0.0938707784293395,0.09313943616697555,0.13038029531808695,0.14884730858961148
static,6,3,9,0.30642723027279395,0.9596222481527654,0.6531950178799715,0.7474358192723882,0.42170275365117416,0.5641992834404059,0.9483301527733355,0.9438900471315965,51.712582952048336,50.679847807334205,0.09381543165699097,0.09269955757516249,0.1332010336387604,0.1528881200977043
static,6,4,10,0.25692011450937247,0.953771684435617,0.6968515699262445,0.8127015542399763,0.5146069909349339,0.633205373178085,0.9608977344345405,0.9574354695711009,54.47540954545603,53.6167853918229,0.09866461171804368,0.097236434617157,0.14044457035583519,0.16191613515900108
static,6,5,11,0.28073590497411616,0.9419549829019278,0.6612190779278116,0.700243304275683,0.41861659100550086,0.5978159140536289,0.9508294789868077,0.9411232767334596,52.27953389009322,50.10003342483699,0.0964423753416698,0.09321592952795901,0.14128574171754316,0.16232875947448008
static,6,6,12,0.37780577063813126,0.9298756077665715,0.5520698371284403,0.5993284702988019,0.28135780074525674,0.4694550896355427,0.9347057857402199,0.9241496835138023,48.93217304096646,46.685353470909625,0.09380788740069239,0.09024431184932641,0.13773964368851618,0.15617634332325303
static,6,7,13,0.4972590519637472,0.9254753767957571,0.4282163248320099,0.6590316935581997,0.22735072512664942,0.3449769219734375,0.9420667348456337,0.936641775189247,50.419884839091644,49.17491491527474,0.09545426630319803,0.09309224513750793,0.13589232970695703,0.15328164113503948
static,6,8,14,0.5588540586367836,0.9286365926470455,0.36978253401026184,0.6691828815968175,0.19422528932043606,0.2902424653436618,0.9391187258577959,0.9311934939992685,49.7916149139293,48.07320098058167,0.09351883850582635,0.09093948168721415,0.13454353305270064,0.15128813740504146
static,7,0,7,0.7242341379091035,0.9805220424631534,0.25628790455404993,0.852891535116101,0.14567106819333425,0.1707967100101475,0.9622612761783953,0.9603563734528966,54.762712594936865,54.27207790312145,0.09477752794206624,0.09558751878453402,0.12774669187770443,0.14865681334348382
static,7,1,8,0.6406291291962866,0.979575855794463,0.3389467265981765,0.7994605173724334,0.18345805158830475,0.22947731326529003,0.9511169740266204,0.9483292281142646,52.304813890521324,51.62419120476375,0.0933072506096454,0.0931305027965802,0.12877087797972092,0.14649899153222123
static,7,2,9,0.5199459492486962,0.9787755827732446,0.4588296335245484,0.7547856785941465,0.24968699823877827,0.3308051614119678,0.9465783677420451,0.9438833183531172,51.335629163976535,50.67842948573603,0.09312897489783709,0.09269759310535211,0.13059512100636728,0.14892915684534058
static,7,3,10,0.3827540386280787,0.9777739839290981,0.5950199453010194,0.8261570900802018,0.3845049962813065,0.4654139036003183,0.9591469509107285,0.957429223159666,54.071279622001065,53.615392466985575,0.09793130613535853,0.09723414419820912,0.13708886757937977,0.15685757685217044
static,7,4,11,0.29693567289648265,0.97510281576028,0.6781671428637974,0.7054579285011378,0.4055211253971859,0.5748338901779483,0.9499460229566392,0.9411229827955052,52.07598823631352,50.09997216847089,0.09616031901215849,0.09321584977060283,0.13999282127441715,0.16116230204022752
static,7,5,12,0.3713548283534373,0.9672723804454393,0.5959175520920019,0.5882489577484098,0.2815598099049345,0.47864055889301854,0.9362312020279121,0.9241498967351234,49.24590948576541,46.68539486750923,0.09445179082689245,0.09024433974007022,0.1417054273959564,0.16206375695197486
static,7,6,13,0.5286560485947805,0.9604669553797444,0.4318109067849638,0.6479156274784047,0.20579971158663699,0.3176335048246639,0.942779003087426,0.9366417653284685,50.58008044473194,49.17491289731463,0.0957981288150738,0.09309219677599005,0.13928830529279637,0.15832687964264175
static,7,7,14,0.6061000746669167,0.959925860709303,0.35382578604238624,0.6641248583426712,0.16713017470357258,0.25165474926002207,0.939284457711341,0.9311924630860864,49.83059303075694,48.07299486271193,0.0936806111549684,0.0909391441216733,0.13573014415378323,0.15335401359693468
static,8,0,8,0.7385523065912026,0.9890492453429824,0.2504969387517798,0.8002562508321583,0.12564157458820188,0.15700167847180402,0.9509710323303412,0.9483287673305926,52.271760326067074,51.62409226673882,0.09330346369521199,0.09313036436751264,0.12860711261973587,0.1459950975651525
static,8,1,9,0.6793230190987726,0.9885304683512962,0.30920744925252364,0.7596069101171545,0.1509330933155879,0.19869894718613001,0.9454389415211814,0.9438785844491769,51.09096866246241,50.67743171224718,0.09264594543604857,0.09269614337806521,0.12873990386721493,0.14600394681315765
static,8,2,10,0.5821205987843671,0.9882830340386578,0.40616243525429074,0.8347574715463056,0.2276632812599938,0.27272985150797163,0.9577097950318278,0.9574285724284746,53.746970809377984,53.6152473659078,0.09729850825852186,0.09723389946224455,0.13440300145760226,0.15253126787048957
static,8,3,11,0.42360984320697925,0.9882132768321713,0.564603433625192,0.7177098056542864,0.3029992069463668,0.42217509717613977,0.9478925022634331,0.9411218379599036,51.62071030596335,50.099733628143234,0.09529609806597485,0.09321547625529113,0.13648526914968212,0.15605006897155557
static,8,4,12,0.3885105759758072,0.9862426777295428,0.5977321017537356,0.5936472455425056,0.2727518941348744,0.4594511238498539,0.934660350933208,0.924149852774624,48.90956465536719,46.685386332043166,0.0940136442762347,0.09024432862331007,0.1399087452691674,0.1607618826212394
static,8,5,13,0.5231297485269054,0.9818157844237018,0.45868603589679635,0.6363213017207763,0.2059474373322603,0.32365321854749407,0.9436430284726044,0.9366417808532617,50.76229848694384,49.17491607228633,0.09630480239645851,0.09309219137374798,0.14295988480173472,0.16399770132148775
static,8,6,14,0.6321014012959137,0.9789499321613417,0.346848530865428,0.6526032152856988,0.15128758931910882,0.23182170387082393,0.9399491973725217,0.9311924628332623,49.976180208345596,48.072994812149396,0.09399674955243471,0.09093913565848369,0.13920573951831683,0.158482026862893
static,9,0,9,0.7681469749838177,0.993838400161536,0.22569142517771834,0.7604103189925415,0.10336682992202435,0.1359355960068688,0.9458313449198897,0.9438785093094489,51.17278467219513,50.67741587549815,0.09274902997113765,0.0926961206465913,0.12857953807558234,0.14524120686369937
static,9,1,10,0.7252618780658563,0.9936638837054239,0.2684020056395676,0.8412364963265487,0.13762038734532694,0.16359298240896322,0.9567040260146272,0.9574280947416468,53.52081528523368,53.61514085119979,0.09679110597600515,0.09723368874986975,0.13219819967165722,0.1491043482399116
static,9,2,11,0.6143604681338158,0.9938690388740314,0.3795085707402156,0.7261623604426898,0.17940423237071762,0.24705801642121406,0.9461018370058241,0.9411217159481977,51.23502430504025,50.09970820587232,0.09452330666724365,0.09321543555726089,0.13350347047773273,0.15138035968236618
static,9,3,12,0.5092805008978738,0.9935749154338408,0.484294414535967,0.6051672747916106,0.20379620760187667,0.3367601258214994,0.9321166142718597,0.9241497145609472,48.38039784873585,46.685359496580325,0.09308699958906719,0.0902442852396586,0.13588356494231998,0.15515686442289
static,9,4,13,0.5381754236563582,0.9924040992136914,0.45422867555733326,0.6440448600505764,0.19950487685897716,0.30976860345304236,0.941652917223093,0.9366417754672468,50.32970474662118,49.17491497077458,0.09585897453389206,0.09309219048798072,0.14055368372609517,0.16186196064750713
static,9,5,14,0.6271822671738995,0.9903454920180751,0.3631632248441756,0.6406958203764819,0.15139618541769914,0.23629963018759295,0.9406381812088044,0.9311924647378215,50.11916968569577,48.072995192927124,0.09443030786442017,0.09093913439567337,0.14285363169875887,0.1641320419248434
static,10,0,10,0.8034406437425324,0.9966061746688137,0.1931655309262813,0.8432729879188913,0.09424960080918364,0.11176641747031611,0.9569713017993859,0.9574280872114215,53.578604541729625,53.615139172114624,0.09680663946517097,0.09723368555243034,0.13167497963324512,0.14802548696987045
static,10,1,11,0.7488868984433046,0.9967198366112471,0.2478329381679425,0.7333297271223864,0.10844827984426042,0.14788474520161016,0.9446843923099044,0.9411216122237875,50.932003051306715,50.099686593961145,0.09387636998776061,0.09321539660550819,0.13077596407343356,0.14734908016684733
static,10,2,12,0.6790812243276317,0.9966885749915169,0.3176073506638851,0.6132117709906284,0.12066666922159622,0.19677813592303064,0.9300269861399998,0.9241497002859259,47.95891924527734,46.68535672495686,0.09227001879889901,0.09024428061302536,0.13253236495106682,0.14993671264999525
static,10,3,13,0.6380993436390585,0.9964438269094291,0.3583444832703706,0.6574277394274316,0.1490671242504835,0.22674297920606354,0.9393989076544057,0.9366417550905667,49.84926630140164,49.17491080348339,0.09503105701988125,0.09309218455180931,0.13637001966220508,0.15569897892528523
static,10,4,14,0.6406424882550377,0.9959877140641094,0.3553452258090717,0.6501052688343163,0.146660127421081,0.22559442978219935,0.9384664809566862,0.9311924641289064,49.65680595785588,48.072995071186945,0.09397398464784751,0.09093913434031138,0.13973477762991268,0.16120630025832908
static,11,0,11,0.8213290765484896,0.9982539927608819,0.17692491621239226,0.7363145023846731,0.07427102443906076,0.10086861551486775,0.944695206343857,0.9411216106448133,50.932359456008285,50.09968626496753,0.0937930702005649,0.0932153960274078,0.12979568162382146,0.14573889334593632
static,11,1,12,0.794077620325375,0.9982367689509687,0.2041591486255937,0.6197533387334904,0.07294194538561836,0.11769512292532441,0.9286650411699803,0.9241496903571871,47.68491071929774,46.685354797203054,0.09165151563985188,0.09024427666032549,0.12963220592002686,0.14544216441154695
static,11,2,13,0.7704886465059769,0.9981613512609723,0.22767270475499535,0.6665028525429421,0.08826186575368414,0.13242533834166526,0.9377790416948578,0.936641752926518,49.511237862284744,49.174910360907816,0.09433510913810154,0.0930921838842369,0.13301901688045084,0.15027927411706804
static,11,3,14,0.7230899808967977,0.9981266732990236,0.27503669240222595,0.6649129436277724,0.10958230206089949,0.16480699181913533,0.9363198547170899,0.9311924618744617,49.207148675061084,48.072994620455574,0.09323461258560807,0.0909391336687802,0.13513593631272547,0.15433248399489166
static,12,0,12,0.8544606571491795,0.9990581230984857,0.14459746594930623,0.6218548593706058,0.04995443931724855,0.08033134832749982,0.9291247898712504,0.9241496901985704,47.773270482758285,46.68535476640643,0.09169327607472347,0.09024427660023074,0.12886097921947773,0.14377967153821866
static,12,1,13,0.8556747320929531,0.9990183577932313,0.14334362570027825,0.6730458117515389,0.053353525567323916,0.07927175927070454,0.9370508692227588,0.9366417511208395,49.357590234913744,49.174909991623565,0.09384116655251176,0.09309218314535522,0.13038410995639027,0.14609074042115278
static,12,2,14,0.8279828442629258,0.9990353400371157,0.1710524957741899,0.6749203166157488,0.06488310882591117,0.09613447280895969,0.9348698732768936,0.93119246163574,48.90819892495535,48.072994572727964,0.0926457346147627,0.09093913359082369,0.13155507930030355,0.14849857103885836
static,13,0,13,0.8989563277753629,0.9994738297785543,0.10051750200319132,0.6738562674059406,0.0365392702570771,0.05422413061132119,0.938009715047064,0.936641751093241,49.55210815584364,49.17490998597945,0.09390471090919168,0.09309218313469156,0.13015500506507371,0.14515851448536304
static,13,1,14,0.89317137041606,0.999485561036894,0.10631419062083403,0.681577807647522,0.039221271610615734,0.057544819051530825,0.9344699620216614,0.9311924614400043,48.82277524986294,48.07299453359462,0.09225347229078139,0.09093913349326846,0.12900436621611736,0.1443832973031838
static,14,0,14,0.925547474812237,0.9997237396277268,0.07417626481548978,0.6812902982272516,0.026860767456172552,0.03942631727776763,0.9356766101423503,0.9311924614370006,49.06634330867083,48.07299453299407,0.09236500047149945,0.09093913349188996,0.12927021853606743,0.1440701911939195
uot_SW,2,0,2,0.21889690115547444,0.3573905887245764,0.13849368756910196,0.5778143860588121,0.4320799050598722,0.7477832250024552,0.9686082561459686,0.9614614994609687,56.24157872006718,54.529808343064985,0.10876559861286478,0.10405652762196552,0.1535006634312732,0.18509119692775117
uot_SW,2,1,3,0.2497388782542309,0.3704002650475705,0.1206613867933396,0.5356669671540569,0.37733441353863667,0.704419791915442,0.9701761444455054,0.9623531407684914,56.63382834667334,54.73820779953741,0.1121621267234274,0.10891183894943632,0.15178085065971955,0.18653820264565185
uot_SW,2,2,4,0.29622123989655375,0.39518366564696583,0.09896242575041209,0.5055739069157429,0.3256385490949281,0.6440968266766146,0.979063700036735,0.9745950397415776,58.737093516405245,57.60568600806304,0.11635556085284639,0.11687692296403258,0.14722815796754607,0.18414976734265698
uot_SW,2,3,5,0.35833316099297313,0.44728920186699855,0.08895604087402542,0.48947640714328805,0.27791451969284137,0.5677791935158284,0.9822579504879249,0.9786152244566318,59.49739030109509,58.57952151594271,0.12028023283735553,0.1275497852444177,0.1451199721484238,0.17987622820364874
uot_SW,2,4,6,0.34109545946212905,0.47449552469332934,0.1334000652312003,0.5121804317193983,0.28586290790019786,0.5581293040434038,0.9836806305615327,0.976291572070004,59.82539727666569,58.050376772924416,0.11571782276209576,0.12100642826982219,0.14738311231100878,0.17209453671300268
uot_SW,2,5,7,0.2838754363539686,0.4394475927422175,0.1555721563882489,0.5533692607451977,0.3531017164728301,0.6380942013246703,0.9795082434130338,0.9650580231126359,58.81072648917804,55.395515266193755,0.11260838775695166,0.11062916065649629,0.1531838854209067,0.18293796501025936
uot_SW,2,6,8,0.25839360096879854,0.3880528825345347,0.12965928156573614,0.5443228283631755,0.3817402217767931,0.7013121660260292,0.9756587661212628,0.9648182055900002,57.87483008152916,55.30652354941625,0.11037259755690747,0.105911125025013,0.15614225555231118,0.18985098097651132
uot_SW,2,7,9,0.24301711210770507,0.36782055196474944,0.12480343985704437,0.6005606121568069,0.42949093355146084,0.7151500195942261,0.9699471831818179,0.9583384776036789,56.53458978572752,53.83906608481132,0.10938540538453902,0.10349907269943132,0.15087019592628623,0.18250654111352568
uot_SW,2,8,10,0.24131263510426146,0.37147917730750113,0.13016654220323967,0.5716037071064219,0.417410731534378,0.7302449692767019,0.9741621500686701,0.9627843916545649,57.50721911931489,54.83230230513058,0.1113007962086954,0.1082060897402635,0.14846642948860056,0.18119125104611072
uot_SW,2,9,11,0.2441502986617075,0.40051422724815106,0.15636392858644355,0.5854274821762229,0.40250298762440007,0.6875368852315689,0.968666168921925,0.9579575248246154,56.22266938433827,53.743508693882134,0.10764460357053146,0.10238549194924332,0.14916926387158014,0.17659218297747795
uot_SW,2,10,12,0.23277310646603053,0.37570373364161536,0.14293062717558483,0.5886651758467073,0.4197469864358125,0.7130487816475111,0.9655292337642072,0.956900014792687,55.504097739565374,53.50337143455962,0.1073665763386953,0.10200038932999107,0.1543993717737176,0.18484924612574774
uot_SW,2,11,13,0.2232864561112093,0.35119078487872574,0.12790432876751642,0.5685957317842674,0.4229431190053791,0.743838012427869,0.9680168901224496,0.9588735117863996,56.0690220107496,53.94185084038756,0.10790338882641166,0.10309984389027935,0.15316523822947442,0.18410827814248107
uot_SW,2,12,14,0.21519025728582114,0.37463529073409274,0.1594450334482716,0.6082108254706707,0.4494086564962607,0.7389027581817222,0.9689763959411876,0.9599923680583743,56.279918963911975,54.19548798593245,0.10726025954590483,0.1023449251236469,0.14877966741141374,0.17587323418100953
uot_SW,3,0,3,0.3864394866064219,0.6150043751498313,0.2285648885434094,0.5382948529671415,0.29345956431194425,0.5451650943611336,0.9721453781464109,0.9622940788349341,57.10166141266086,54.7127708289212,0.11375643078443086,0.1082721085332304,0.15494416009928488,0.20628694952649995
uot_SW,3,1,4,0.4636816211247258,0.6422884323583616,0.17860681123363586,0.4872720400997713,0.22907346417835228,0.47011411557997124,0.9806580512950303,0.975417337612063,59.12778472623691,57.7844148941096,0.11710847493560324,0.11607381382601219,0.150637047778569,0.20824438134626827
uot_SW,3,2,5,0.560538947366991,0.7023179333964619,0.14177898602947092,0.5067044816393126,0.19105060005825794,0.377045412032202,0.9836724258269857,0.9814377597510693,59.84286847497128,59.25064015078726,0.12052965283770507,0.12952805823045072,0.14393379115264054,0.2035136417628048
uot_SW,3,3,6,0.5816900084422002,0.737786411952224,0.15609640351002385,0.5325928861397382,0.17265198929845735,0.3241725411502362,0.9835407370972907,0.9779726611719981,59.7895200655278,58.431364781050064,0.11445306180626262,0.1230670080077446,0.14360376475516984,0.18388896444080047
uot_SW,3,4,7,0.5230700710782881,0.7318245315331978,0.20875446045490975,0.5325731348560238,0.19757895381064014,0.3709893362609321,0.9783625945093776,0.9606759647669463,58.52972294117778,54.364259020446575,0.11147781385648357,0.10826626636610007,0.15342370129510974,0.1966299692102765
uot_SW,3,5,8,0.4524001927242649,0.6798824774328165,0.22748228470855159,0.5460500418564868,0.25722947875635715,0.4710730867848965,0.9766752155845776,0.9633807982157854,58.121133366744395,54.96444125237625,0.11228959326350235,0.10336581680285328,0.1594885522533853,0.21046513894172109
uot_SW,3,6,9,0.4035959834183857,0.6257417601344173,0.22214577671603158,0.5554718872097452,0.29231869512003544,0.5262529064943595,0.9711071281929444,0.9570163442621552,56.81115207522198,53.52708910528688,0.11096889352453965,0.10112143180690444,0.15722038711194714,0.20579720560883102
uot_SW,3,7,10,0.38918851069540616,0.611743444106511,0.22255493341110488,0.5703317462349438,0.31192838876948076,0.5469244712900556,0.974469397489251,0.9609070659075816,57.58246820586922,54.39742350936463,0.11224684622089844,0.10608667457543758,0.15018113186287807,0.19832328778729505
uot_SW,3,8,11,0.38341039972118957,0.6284091699013973,0.24499877018020771,0.576325141923554,0.303646875460381,0.5268673069630856,0.9691794147818494,0.9559329858359682,56.344620424127086,53.283963583322965,0.1082167125752456,0.09890497871344832,0.15145766149368917,0.19133036169272802
uot_SW,3,9,12,0.3818086859242872,0.6351677637695728,0.25335907784528566,0.6055907360305169,0.3116310155191303,0.5145901298982661,0.9652541277537894,0.9555102170290051,55.43929170051517,53.18966869920835,0.1076450457195577,0.09991147264996421,0.15223348290925276,0.1914155479986217
uot_SW,3,10,13,0.3679098748422625,0.6073335704584996,0.23942369561623705,0.5805976117308596,0.32042396663380185,0.5518864703534757,0.968015709765982,0.9578928947655087,56.07228254996587,53.719072458818566,0.10841550233778458,0.10147238667686628,0.15385371561645234,0.1986267965013275
uot_SW,3,11,14,0.34934305750600714,0.6050046217763635,0.25566156427035636,0.5686506774134311,0.32664322257760997,0.5744180664012956,0.9694931370928906,0.9583524251609916,56.403020062294665,53.8225853859725,0.10800380961752817,0.10048700474960548,0.15468436688849974,0.19637367535727918
uot_SW,4,0,4,0.5735944554639442,0.7971831149212362,0.223588659457292,0.491350846427105,0.17864127581466913,0.3635717270330818,0.9814293884265451,0.975632204186176,59.314864201708005,57.83249019672676,0.11842838213576537,0.1161063743615613,0.15241235287763058,0.22286804751057038
uot_SW,4,1,5,0.6813840921605007,0.8410577539854033,0.1596736618249026,0.49169934406262555,0.13485804072778385,0.27426931183908104,0.9839318139464981,0.9817813605175815,59.907359112677234,59.330867855630295,0.12015726674544233,0.1297131771671204,0.14536019894784716,0.2222399310747756
uot_SW,4,2,6,0.7190034972241496,0.8667462943551295,0.14774279713097993,0.557167038594348,0.11896866343123771,0.21352423095841863,0.9823469864985713,0.9795331692391133,59.493639906805484,58.78391502228532,0.112410248930114,0.12326761018041636,0.1393041257053675,0.19370666811996465
uot_SW,4,3,7,0.693554671885544,0.8690117723280905,0.17545710044254648,0.5583117773883943,0.12049816004094256,0.21582593260811153,0.9766452590339089,0.9577664513661525,58.11259487393742,53.69600254367646,0.1092849609321945,0.10616721527242272,0.1483212638268792,0.194223377260237
uot_SW,4,4,8,0.6369351329219384,0.8529113707613689,0.21597623783943054,0.5248946827223617,0.1459102016216233,0.2779799575504581,0.9754428343862649,0.9621484664330043,57.82243297835285,54.680323539673296,0.11101768491404385,0.10206883920962093,0.15968841084783553,0.21781722539334356
uot_SW,4,5,9,0.5597707356675302,0.8116771597659486,0.25190642409841835,0.5564083788857134,0.1989041946095925,0.3574787910417998,0.9719164279687308,0.9565293775275292,57.00054476327845,53.416033610834276,0.11247265505207335,0.10044325461029355,0.16056328230198166,0.2194429912280581
uot_SW,4,6,10,0.5186841217698772,0.7790431369128529,0.26035901514297566,0.5283453324527586,0.21387201672865047,0.40479588555421486,0.9753092444991249,0.9603403516964706,57.786965901493204,54.26853296576981,0.11345474769935873,0.10535641763593839,0.15632759162956059,0.21500329872547455
uot_SW,4,7,11,0.5011975257779715,0.7766646363317373,0.2754671105537658,0.5742337379441865,0.228796854596244,0.39843854423350206,0.9694580925970394,0.9551098628183247,56.412635958799505,53.100847469628874,0.1093259080021305,0.09774811698983633,0.1535787795355482,0.2005487935795988
uot_SW,4,8,12,0.4866731110772179,0.7776606108764116,0.2909874997991937,0.5949131126392714,0.23749810300556323,0.3992147726445751,0.9656846253187075,0.9551106255690547,55.54135994601924,53.1009046901349,0.1082592297413207,0.09936511904344318,0.15501279055870854,0.19867648933474127
uot_SW,4,9,13,0.4909555302205454,0.7795927526745101,0.2886372224539647,0.5978126405426105,0.23943771390142787,0.40052300279917114,0.9677062918797081,0.9576330975488608,55.999243160726735,53.66089517815064,0.10868120681193817,0.10101307668335509,0.15163663327206556,0.19811339630649885
uot_SW,4,10,14,0.47149388306799284,0.7726153407492552,0.30112145768126236,0.5812482793475688,0.24895217805655992,0.4283060903612483,0.9694339140641878,0.9579637278404356,56.39104984835475,53.734933614997466,0.10846381135805759,0.10010678357528757,0.15524380863685686,0.2047473814223263
uot_SW,5,0,5,0.7599160183553222,0.9167901868259685,0.15687416847064628,0.501661175356243,0.10523446059584952,0.2097719850875837,0.9834717781212774,0.9818748305655293,59.79034057830376,59.35312127423897,0.12008475894231894,0.12995347205741797,0.14436828261426543,0.2338794899418603
uot_SW,5,1,6,0.7997084029782778,0.931007248362402,0.13129884538412417,0.5464529358759748,0.08402485869122425,0.1537641271091915,0.9809665906367292,0.9797646463964385,59.153660449689966,58.83497244902076,0.11053677430824603,0.12267851182789341,0.13868842674108312,0.20433139726468685
uot_SW,5,2,7,0.7888859945244053,0.9319396341635864,0.14305363963918105,0.5882257204717628,0.0831867233192207,0.14141973127680327,0.975023807388546,0.9569419742612179,57.72224904802257,53.50826827712207,0.10716391161671776,0.10566324944107759,0.14335104452657474,0.18965259402860357
uot_SW,5,3,8,0.765136553344864,0.9279961818049959,0.1628596284601319,0.5517312962379007,0.08944337132688661,0.16211400719294988,0.9735615795279904,0.961040227273449,57.36911112205789,54.42750784365249,0.10850165970841179,0.10118299735807146,0.15402431219519466,0.2092796073144203
uot_SW,5,4,9,0.7133779268266595,0.9163648694094784,0.2029869425828189,0.5359762174341646,0.11313203137511534,0.21107658827979928,0.9700900927224198,0.9561611556387464,56.56632377512999,53.33379665368576,0.11091254729933113,0.10030679078305672,0.16022917494087713,0.22421346218267355
uot_SW,5,5,10,0.6500838444368573,0.8937086881665559,0.24362484372969861,0.52849623682259,0.14571221716990834,0.27571098338553024,0.9759821471483698,0.960202738531925,57.94725377854519,54.237417472119425,0.11472559053893562,0.10522246071513433,0.15930192972919233,0.2267994593901983
uot_SW,5,6,11,0.6111798333978575,0.8769113827659802,0.2657315493681227,0.5315546848677274,0.1571034791286156,0.2955546881647923,0.9703594479393243,0.9548804257883883,56.62856942790424,53.050093012590686,0.110946713700152,0.09737851141862114,0.16028756625155477,0.2152971240778273
uot_SW,5,7,12,0.5862513347663764,0.8701808278147557,0.28392949304837933,0.5925480890353708,0.17934151913332255,0.3026615433445726,0.9659520006056782,0.955011030457266,55.60578698735684,53.0788880957441,0.10923174047341982,0.0992963512941637,0.15702777075067353,0.20478296545622532
uot_SW,5,8,13,0.5807752891956028,0.8693263806611449,0.28855109146554203,0.586801421076967,0.18268141562630322,0.31131726861026476,0.9680960929435385,0.9575854670349722,56.09284153436425,53.650246258086796,0.10936895681485442,0.10101387634439109,0.154613287961738,0.20316175144540433
uot_SW,5,9,14,0.5804858340180179,0.8773160685900361,0.2968302345720182,0.5992169326943969,0.1862092468029944,0.310754313910488,0.9691000076025886,0.9579094086377867,56.311336238466765,53.72262206425939,0.10872348914942138,0.10003775433006326,0.15301250994766535,0.20166272477079963
uot_SW,6,0,6,0.8491527733202942,0.9639318295019215,0.11477905618162731,0.5603709459322723,0.06563940556212428,0.11713563317049203,0.9806313290995854,0.979642521210701,59.07080757981526,58.80458750187613,0.11020272792470592,0.12231881414127507,0.1373298129390647,0.2119841910874902
uot_SW,6,1,7,0.8444856667391536,0.963581438513088,0.11909577177393438,0.5787917673669825,0.05881996439101838,0.10162543371789812,0.9743862779759104,0.9567688763161328,57.567914199038135,53.468730051951354,0.1055882904622427,0.1054412105932943,0.14234160558387807,0.18981418986635748
uot_SW,6,2,8,0.8354985834859958,0.9621359514098209,0.12663736792382507,0.582959886031818,0.06180742462460531,0.1060234607998943,0.9721726548435751,0.9604998206039255,57.03740632228427,54.304622793222855,0.10656558833938813,0.10075320352810654,0.14881108520523081,0.1976518565933458
uot_SW,6,3,9,0.8173309423040398,0.9596222481527654,0.14229130584872562,0.5652035882684119,0.06944590747348303,0.12286883684910999,0.9679422065360053,0.955766690610111,56.06214103738176,53.24613302221801,0.1084599844434141,0.10015046441007236,0.15439306218823812,0.21396553857684644
uot_SW,6,4,10,0.7752803030449585,0.953771684435617,0.17849138139065845,0.5077467587188611,0.08288864641011821,0.16324800697745778,0.9748737193538869,0.9601647694912993,57.67739353583267,54.22884927295152,0.11344484219328622,0.10526044065032895,0.1593057694919505,0.2310891049844398
uot_SW,6,5,11,0.7211912728455233,0.9419549829019278,0.2207637100564045,0.5299613340957263,0.10705345084007312,0.20200238008446136,0.971130160108886,0.9548017942424799,56.807099642584426,53.032723661538995,0.11274012282043067,0.09721837193967524,0.16403960584415908,0.22754611437299793
uot_SW,6,6,12,0.6792738036070061,0.9298756077665715,0.25060180415956546,0.546443061909381,0.12320948151716563,0.22547542480756758,0.9668726992659827,0.9549787219879214,55.825053614418884,53.07175466912869,0.11070887098575284,0.09929827353799059,0.16374140823388755,0.21839602183859394
uot_SW,6,7,13,0.6665783765279748,0.9254753767957571,0.2588970002677823,0.5854455135280795,0.1379655293104177,0.235659042767266,0.9683453151455921,0.9575867070279075,56.15346564275887,53.650520104603146,0.11016793121759397,0.10107917924273072,0.1561440251444825,0.2081735320500804
uot_SW,6,8,14,0.6574036692195905,0.9286365926470455,0.271232923427455,0.5874701940422602,0.14208014304464678,0.24185081130163025,0.9693457044443501,0.9578877468804722,56.370842189605476,53.717739852615324,0.10940283214193512,0.10003422155039547,0.1561670839339736,0.20576108661611228
uot_SW,7,0,7,0.8797105411964071,0.9805220424631534,0.10081150126674632,0.5944757868475621,0.04601438460393727,0.0774032948388804,0.9748684207755247,0.9566044823101092,57.68174189836253,53.43189960684744,0.10566713309826131,0.10522963777876083,0.14136953022671883,0.19105261091568063
uot_SW,7,1,8,0.8768473678277845,0.979575855794463,0.10272848796667855,0.5752811415785157,0.043712148413836645,0.07598397592852556,0.9718766890319406,0.9603638993331404,56.965074922974246,54.273796206342546,0.10534485684875995,0.10062800168639881,0.14761754030745436,0.1914108611476965
uot_SW,7,2,9,0.8731155301628221,0.9787755827732446,0.10566005261042255,0.598843244926553,0.04801601533909167,0.08018127572764178,0.9663760560516915,0.9555447429480024,55.697540161905536,53.196869301695514,0.10658964661111324,0.10007781125494984,0.1489633686995884,0.20092769543619163
uot_SW,7,3,10,0.8580055390004226,0.9777739839290981,0.11976844492867544,0.5343694954662388,0.05088647900398959,0.0952271404631565,0.9734921191701217,0.9601296090901595,57.34559791333915,54.22091916550983,0.11163266773849949,0.10535091074480243,0.15382499352319404,0.22052232981208583
uot_SW,7,4,11,0.8247686336034243,0.97510281576028,0.15033418215685568,0.5078894894985861,0.06089316509649156,0.11989451712538554,0.9703236763452935,0.954771145023722,56.614121991222284,53.025960884823036,0.11226771567877485,0.09719844401643828,0.16467659243706267,0.23325684441343142
uot_SW,7,5,12,0.77165094047972,0.9672723804454393,0.19562143996571923,0.543408625861232,0.08397316423820238,0.15453042193637587,0.9675311373770065,0.9549683886157316,55.97621810798788,53.06947370704627,0.11217739649562296,0.09926969161858584,0.16808184254552475,0.23019120772836243
uot_SW,7,6,13,0.7449994424388788,0.9604669553797444,0.21546751294086552,0.5405103631881434,0.0947843195883745,0.17536078129806648,0.9691965121799508,0.957587328914896,56.358014708652725,53.65065859190799,0.11129199996610219,0.1010816303163292,0.1623511907278496,0.22120739863988906
uot_SW,7,7,14,0.7302908043787472,0.959925860709303,0.2296350563305558,0.5863690447502382,0.10729708591908393,0.18298559052479782,0.9695443576846897,0.957877843766325,56.418728575757655,53.71552099497998,0.11008329948078255,0.10007397928381276,0.1574958886822471,0.21025468425032415
uot_SW,8,0,8,0.9040056897562506,0.9890492453429824,0.08504355558673182,0.5921315962805099,0.03420914131647062,0.0577728692935088,0.9723914620073971,0.960361854096739,57.0851216199496,54.273320611091464,0.10547793492608709,0.10061126660558702,0.14643571576668385,0.1880524062225609
uot_SW,8,1,9,0.9053315227702888,0.9885304683512962,0.08319894558100738,0.5920866560102891,0.033961443288769225,0.057358906747898494,0.9661741879868151,0.9554777390455693,55.648135465581376,53.182017326203024,0.10528430026192345,0.10006161096730169,0.1473835525008089,0.19322260447535117
uot_SW,8,2,10,0.9018544581744573,0.9882830340386578,0.0864285758642005,0.5663390158272779,0.03518460890982025,0.0621264082581781,0.9722876964616592,0.9601097985372068,57.058698448643376,54.21645174096861,0.11012270446007588,0.10536612949870744,0.14848452730139827,0.20677997526312353
uot_SW,8,3,11,0.8915538571067048,0.9882132768321713,0.09665941972546654,0.5345132728483784,0.03737869687065112,0.06993034367783431,0.9689968104112199,0.9547459004382223,56.300743616475145,53.02039272680159,0.11053616925302268,0.09722012704440097,0.1591896897953406,0.22340105419488288
uot_SW,8,4,12,0.858320310689755,0.9862426777295428,0.12792236703978777,0.5219447445710074,0.047767290536928006,0.09151790689297679,0.9661131852106156,0.9549608994224379,55.64349218780267,53.0678207135204,0.11116161312325258,0.09927043021693051,0.16786926777559102,0.234955714841648
uot_SW,8,5,13,0.8212548103709174,0.9818157844237018,0.16056097405278436,0.5387289105429174,0.06460230549970525,0.11991616606318876,0.9697461172637016,0.9575852960504941,56.48518839474143,53.65020493808224,0.11216153740478375,0.10108025499220305,0.16590778834918127,0.23231489395704064
uot_SW,8,6,14,0.7949837895486287,0.9789499321613417,0.18396614261271305,0.5404322368409288,0.0737143962820747,0.13639896226947662,0.9700900547920556,0.9578774257526823,56.54973826476277,53.715426391252734,0.11095896908731871,0.10011506442776413,0.1636785880127803,0.22319607757171214
uot_SW,9,0,9,0.9261156490601681,0.993838400161536,0.06772275110136794,0.6094601771089144,0.026577088247012652,0.043607587903586945,0.9671382630895747,0.9554579959138413,55.870321491211904,53.177645866948396,0.10539799176979457,0.1000555372862568,0.14615239159967555,0.18844088980253124
uot_SW,9,1,10,0.9272434506764083,0.9936638837054239,0.06642043302901557,0.5618713563465323,0.024885654832367946,0.04429066289156018,0.9718584091490577,0.9601034545585168,56.955256942926646,54.215021285594894,0.10867598702427969,0.1053272371578625,0.14648453390954025,0.19773398709155504
uot_SW,9,2,11,0.9259062945449286,0.9938690388740314,0.06796274432910288,0.5675038296054868,0.02584422072302113,0.04554016973063834,0.9673290141608726,0.9547284942486445,55.91125302954234,53.016553762959845,0.10849862816363891,0.09722828556579913,0.15329113689692359,0.209280605571338
uot_SW,9,3,12,0.9135442157123393,0.9935749154338408,0.08003069972150145,0.5526049936144068,0.02932198370837131,0.05306138027560318,0.964348676428198,0.9549551283240278,55.23291449995444,53.066546970494706,0.10919131955089126,0.09927419262455565,0.1615844636849441,0.22411176432297292
uot_SW,9,4,13,0.8908564344859341,0.9924040992136914,0.10154766472775734,0.5211034057160098,0.036749197838182666,0.07052189149999567,0.968285837411082,0.9575836710919177,56.13880511967597,53.6498423615616,0.110648335829471,0.10107986550431175,0.16433641504373778,0.23525370843005414
uot_SW,9,5,14,0.857145435461234,0.9903454920180751,0.13320005655684108,0.538336279726594,0.050241771601995514,0.09332785750109933,0.9702827942794136,0.957876628952593,56.59250952165789,53.7152480099744,0.11170411712936017,0.1001410472976959,0.1671707113183885,0.23404572594109874
uot_SW,10,0,10,0.9436073201259996,0.9966061746688137,0.05299885454281417,0.5798290244580339,0.019474677776722196,0.03358693158716085,0.9723269776478743,0.9601011610009749,57.0653397300615,54.214504145933304,0.10861068622392214,0.10522253215055645,0.14471639367172653,0.1920081401381251
uot_SW,10,1,11,0.9454271641536884,0.9967198366112471,0.05129267245755864,0.5654558455758829,0.018280196976335872,0.03232824829623715,0.96634744406025,0.9547194141517238,55.68258422111083,53.014551388727135,0.1064089948602487,0.09722845474564197,0.1502200612521751,0.19859378933021693
uot_SW,10,2,12,0.941686332038536,0.9966885749915169,0.05500224295298084,0.5898466088516369,0.020273921346530496,0.03437151463157765,0.9629141667966509,0.9549525305761698,54.90195680505503,53.0659736305175,0.10733217417379651,0.09927594602652605,0.15485364407770072,0.2092876716989733
uot_SW,10,3,13,0.9337946876358564,0.9964438269094291,0.06264913927357274,0.5533164726450936,0.022559091536689134,0.04077068486475173,0.9666730285700967,0.9575816905055664,55.75947260923815,53.649400441472494,0.10877617302378007,0.10107962062980025,0.15750836066795648,0.22266453199243683
uot_SW,10,4,14,0.9140321996690598,0.9959877140641094,0.08195551439504956,0.5236415231663563,0.028580335169782586,0.05457996340122719,0.969034070632929,0.9578738422859303,56.29701820599848,53.71462545476527,0.11053186476051817,0.1001410482903778,0.16439389780230518,0.23569631876364264
uot_SW,11,0,11,0.957807426326069,0.9982539927608819,0.040446566434812925,0.5854978853830387,0.014307752029163996,0.024436897871635724,0.9667796494327243,0.9547062986666995,55.78097945526736,53.011659470312914,0.10587105322055662,0.09722761400298169,0.14756943730564057,0.19085478690044333
uot_SW,11,1,12,0.9574399442622249,0.9982367689509687,0.040796824688743794,0.5887656442328288,0.014340293731996068,0.024356539605298648,0.9625845371823912,0.95495177205563,54.823675502129824,53.06580622626175,0.10578943504236524,0.09927636182226138,0.1514266717340933,0.19845573238349962
uot_SW,11,2,13,0.9554171028737813,0.9981613512609723,0.04274424838719093,0.5909002394718079,0.015598072769371403,0.026397133944833326,0.9655330665863754,0.9575808014898617,55.4933604393847,53.64920208016253,0.10726672239144266,0.1010795333672155,0.1507245261702881,0.2068806763297147
uot_SW,11,3,14,0.9485811487347084,0.9981266732990236,0.04954552456431516,0.558882200846277,0.017544627707625764,0.03139235366783758,0.9679627341554186,0.9578703362590044,56.04503584613756,53.71384221824153,0.10898051536045375,0.10014079358204313,0.15693942669285382,0.22181709785591305
uot_SW,12,0,12,0.9672724520307786,0.9990581230984857,0.03178567106770713,0.6093291014318629,0.011224139443348604,0.01842048806953909,0.9634660757116569,0.9549507935916508,55.023210764051505,53.06559028343399,0.10565925779130148,0.09927687722188656,0.14925474269499883,0.19132660826375217
uot_SW,12,1,13,0.9673928343459199,0.9990183577932313,0.0316255234473114,0.5882530769839487,0.011032971597878128,0.01875548472172153,0.965380120115956,0.9575805739768019,55.455269753335536,53.64915131703699,0.10617842650373592,0.10107951838576125,0.1481103414409719,0.19643912855489265
uot_SW,12,2,14,0.9656351200071538,0.9990353400371157,0.0334002200299619,0.5986267082332759,0.012130951465251075,0.020264634535022825,0.9671618427739388,0.9578687759186164,55.85735835397611,53.71349364602009,0.10746739489358813,0.10014068301296275,0.1499158157449716,0.20527989527412005
uot_SW,13,0,13,0.974843229714602,0.9994738297785543,0.024630600063952235,0.6053976881560995,0.008635531907729845,0.014264230070041505,0.9662422969182911,0.957580289813294,55.65335119187242,53.64908791421375,0.10639563271293205,0.101079503013622,0.14718104157147432,0.1910948527004274
uot_SW,13,1,14,0.9749201822320885,0.999485561036894,0.02456537880480547,0.5956500171578095,0.008580582331500136,0.014405409358406559,0.9672395362322829,0.9578683880976224,55.87430806167574,53.71340701071002,0.10633524171766412,0.1001406565172226,0.14737474990499377,0.1950528875642438
uot_SW,14,0,14,0.9806080736691836,0.9997237396277268,0.019115665958543193,0.6106390303145576,0.0067160477680234506,0.010998392560272184,0.9681776740720524,0.9578679066888145,56.09227806958794,53.713299469561214,0.10657693607570269,0.1001406240626426,0.1472929993648419,0.19098708329807793
uot_static,2,0,2,0.24460252970934013,0.3573905887245764,0.11278805901523628,0.5660030064854659,0.3560783439557764,0.6291103401849509,0.9374466895564769,0.9310249005660035,49.44294989756525,48.04133186613869,0.09426392403490888,0.09234968505009152,0.1317301449784858,0.14501116831451213
uot_static,2,1,3,0.24892065831616986,0.3704002650475705,0.12147960673140065,0.5693736414909502,0.35515148347515113,0.6237582100659924,0.9468643155082951,0.9396013005936288,51.42325019643549,49.786521686468625,0.09748911708298402,0.09590275811685434,0.13317880397832657,0.14704222137137737
uot_static,2,2,4,0.2613238725528353,0.39518366564696583,0.13385979309413054,0.5611199697801764,0.34295957626220425,0.6112054368632819,0.9629738364590694,0.9593879192613414,54.94244138393796,54.05649257599113,0.100838362358477,0.10066481807648585,0.1346062385091359,0.14971727115131275
uot_static,2,3,5,0.2769692114446372,0.44728920186699855,0.17031999042236134,0.5543523939154972,0.3296521390309819,0.5946617037270926,0.9767710519547229,0.9766631244028947,58.132298810995366,58.08151444144942,0.10248695848987642,0.10375664971816963,0.13579721268197398,0.15251164206340168
uot_static,2,4,6,0.2832211964377817,0.47449552469332934,0.19127432825554763,0.5486579041607974,0.32253360205131776,0.5878592099108656,0.9796914116260402,0.9798357667062529,58.84727477044544,58.855204619664796,0.10142324269932641,0.10282089889297523,0.1367463373578373,0.15410118539179965
uot_static,2,5,7,0.27679241906890806,0.4394475927422175,0.16265517367330945,0.5477399321474159,0.3259771967176998,0.5951313343902194,0.9695305157743388,0.9663271670447524,56.46581114545887,55.64936627547013,0.09817775010130059,0.09801224413144072,0.13683214438142374,0.15335019880167206
uot_static,2,6,8,0.2677649072265889,0.3880528825345347,0.12028797530794577,0.5590304854105758,0.33984539108321,0.607919245823621,0.9582210002592162,0.9512489996728313,53.88746953825121,52.26395716257707,0.09529210999214338,0.09352556596911958,0.1344508300385109,0.1502450953856994
uot_static,2,7,9,0.2574293517977289,0.36782055196474944,0.11039120016702053,0.5652360031649606,0.34872001674361136,0.6169458682585717,0.9564252712290722,0.9511781700941798,53.476995644473085,52.245630924073495,0.09558078453518358,0.09428918256889805,0.13375216559560532,0.1487410586103615
uot_static,2,8,10,0.25589872358001614,0.37147917730750113,0.11558045372748499,0.5663621705100398,0.3486451426352038,0.6155869173275291,0.9532403285395656,0.9479695066241128,52.772214898616184,51.55143032576324,0.09580341292135015,0.0945590800594188,0.1330718602041215,0.14757595299578405
uot_static,2,9,11,0.25350790757815106,0.40051422724815106,0.14700631967,0.5682618886374072,0.34990809472774625,0.6157514725591835,0.9479775671014828,0.9433903582267428,51.63962971019434,50.57821569991958,0.09514355452396568,0.09375734892774373,0.1336368017350126,0.14751802140575776
uot_static,2,10,12,0.25026142798518114,0.37570373364161536,0.12544230565643422,0.5710811484767361,0.35382181112198996,0.6195648588046563,0.9434440440829546,0.9384789015695101,50.6812095542163,49.55493063427895,0.09419064091100976,0.09232353773268812,0.13330663417840977,0.1468836799767514
uot_static,2,11,13,0.24473708109888365,0.35119078487872574,0.10645370377984209,0.5735526717741739,0.35870454283125974,0.62540819785858,0.9401547045349123,0.9356427625240296,49.98987795518675,48.97396547231941,0.09348608992094366,0.091744564080006,0.13295213173435963,0.1463043572761788
uot_static,2,12,14,0.24117937568327186,0.37463529073409274,0.13345591505082088,0.5767888127683286,0.362627887191579,0.6287013186873843,0.9402084587711624,0.936445239584775,50.005175605430786,49.13790267884165,0.0939861643493401,0.09254981477644503,0.1322949126055928,0.14510903521226856
uot_static,3,0,3,0.4475509987716015,0.6150043751498313,0.16745337637822982,0.5582391606372068,0.2211811332082952,0.39621214132635574,0.9475079524125504,0.9388591501053271,51.561628031801824,49.63056853729919,0.09757740994697722,0.09565791035045408,0.13437536286498575,0.15176494853538933
uot_static,3,1,4,0.4622498287684926,0.6422884323583616,0.18003860358986906,0.5581716425758525,0.2146495622135219,0.38455834342095263,0.9643016448512105,0.9586365240424154,55.24582866517485,53.88532933524292,0.10102707703829027,0.10048270679267961,0.13547414611727232,0.15425863274185395
uot_static,3,2,5,0.4846333579837728,0.7023179333964619,0.2176845754126891,0.5560347653435291,0.20355064549329194,0.3660753934469086,0.9770268626209888,0.976359379803486,58.19233589232234,58.0070733822824,0.10243590139605357,0.10394608785295367,0.135167227358884,0.1557335270757058
uot_static,3,3,6,0.5007322310548068,0.737786411952224,0.23705418089741725,0.5561094694287779,0.19575163018508804,0.35200197253637727,0.9790195290446649,0.9797117174866262,58.68131729875057,58.82172269234089,0.10113195324724325,0.10304441219743908,0.13498816075846712,0.15609294703808682
uot_static,3,4,7,0.49905353109019107,0.7318245315331978,0.23277100044300675,0.5516714034873431,0.19464790516217445,0.352833052305638,0.9692262833292649,0.9659642113823034,56.39138626245335,55.55368715019823,0.09803769403530546,0.09787691535805045,0.13596548925289556,0.15643717611003272
uot_static,3,5,8,0.48703926556300464,0.6798824774328165,0.19284321186981185,0.5498817792331477,0.2010935027947405,0.3657031572771529,0.9585899430189353,0.9510870817450353,53.97113759718502,52.2204060149147,0.09544220269701331,0.09335929919804395,0.13627824590846685,0.15687593252164403
uot_static,3,6,9,0.46840674123882114,0.6257417601344173,0.15733501889559615,0.5570375312547032,0.21149304950166328,0.37967468551945543,0.9572089814065251,0.9509448567314941,53.65827301520903,52.18914647217267,0.09596311629724652,0.09414622933124979,0.13624316547581822,0.15547486546048833
uot_static,3,7,10,0.460976859498865,0.611743444106511,0.15076658460764603,0.5646891982464597,0.21661211652044052,0.3835952895736103,0.9539144340514013,0.9474246591217927,52.92773060608596,51.43051873512445,0.09609146387171266,0.09430035542765307,0.1345637878245098,0.15250527566729263
uot_static,3,8,11,0.4593009482735686,0.6284091699013973,0.16910822162782868,0.5674526494039843,0.21722219365131037,0.382802325232716,0.9483797052802423,0.942756291303817,51.728017225839416,50.44156641711305,0.09533144818717913,0.09350742377007551,0.1338101911675499,0.15051502893947716
uot_static,3,9,12,0.45649018109880124,0.6351677637695728,0.1786775826707716,0.5709991456351878,0.21989164809913947,0.3850997847895705,0.9438603718720058,0.9378158982068896,50.771968651306125,49.41569657372577,0.09441105365688235,0.09202340425903592,0.13372518650464343,0.15005714879032067
uot_static,3,10,13,0.4490812939231462,0.6073335704584996,0.15825227653535334,0.5729106378148551,0.22418104779865378,0.3913019465892713,0.9405103291417559,0.9348690551382517,50.06754269799854,48.81379049504533,0.09367557020736549,0.09150579847323857,0.13376605941536207,0.14996380639857976
uot_static,3,11,14,0.4427473898086659,0.6050046217763635,0.1622572319676976,0.5723125258043656,0.22700563626354847,0.39664628333007357,0.9408344432379465,0.9358588995361,50.140315320519726,49.015163669673875,0.0942063475091603,0.09237615793956286,0.13386943555472589,0.1496848962988711
uot_static,4,0,4,0.6207636494896519,0.7971831149212362,0.17641946543158427,0.547145585870366,0.13373174130061666,0.24441710717246182,0.9648384098540249,0.9585889012938849,55.37098516011131,53.87460492048011,0.10109360547918311,0.10046285191226208,0.13669372081418163,0.1571381907128176
uot_static,4,1,5,0.6412652411196388,0.8410577539854033,0.1997925128657645,0.5538207463438327,0.12743642408202985,0.23010409942807114,0.9775659873351329,0.9762728623484431,58.3236273939837,57.98617993570131,0.10247837388592101,0.10397979652050182,0.1356940578397695,0.15762322173626903
uot_static,4,2,6,0.6605309991065154,0.8667462943551295,0.20621529524861415,0.5588209400286444,0.12084947381215387,0.2162579551975259,0.9782444454748677,0.9797107905193357,58.49129075159292,58.82123625622808,0.10077785986060235,0.10317510372854988,0.13376813587906844,0.15586086018508857
uot_static,4,3,7,0.6666931287281628,0.8690117723280905,0.20231864359992768,0.5598520730705588,0.11813546292838245,0.21101192370416336,0.9679078488736177,0.9658682186736636,56.07813491595778,55.53062668927045,0.09747958728604322,0.09774340632511577,0.13370720510885503,0.15461481981965255
uot_static,4,4,8,0.6593477309365763,0.8529113707613689,0.19356363982479263,0.5539051586193974,0.12019661964580537,0.21699855611634697,0.9580115329676747,0.951011461016106,53.83631159605453,52.20336109082291,0.0952145948361912,0.09331326212740948,0.1354081540381143,0.1568180510550553
uot_static,4,5,9,0.6417322610020607,0.8116771597659486,0.16994489876388785,0.5475442669662981,0.12523984407546188,0.22873008016203103,0.9574548428864362,0.9509395579774071,53.7139568334664,52.187695377870845,0.09612883111950674,0.09414028948064579,0.1382104316262266,0.15927178395046818
uot_static,4,6,10,0.6296127574972215,0.7790431369128529,0.14943037941563142,0.5561114926983506,0.13144098167083268,0.23635724741644515,0.9547146958490731,0.9473426172378125,53.11125229883148,51.412807248403254,0.09645863332188442,0.09421955120396151,0.13717518433275847,0.15695066478349368
uot_static,4,7,11,0.6243701152667201,0.7766646363317373,0.15229452106501717,0.5655312532383573,0.13505625756088704,0.23881307494064205,0.9490595001815222,0.9426196732089595,51.88269197957778,50.41279871007286,0.09563822809350624,0.09350391460023777,0.13541425391761688,0.15327254245792737
uot_static,4,8,12,0.6225153805088963,0.7776606108764116,0.15514523036751526,0.57009259820201,0.13660124993043515,0.23961238991920933,0.9442162469934008,0.93768717581608,50.84951546173853,49.38917978447802,0.09459061544835816,0.09195922385620998,0.13392710395913238,0.1508045329432962
uot_static,4,9,13,0.6169710938080814,0.7795927526745101,0.16262165886642876,0.572823956206825,0.1394231942369328,0.2433962349622689,0.9408015463075288,0.9347250711173428,50.13177782218847,48.78448445114138,0.09386447774458917,0.09142583155049526,0.13415853649543769,0.1510056836425689
uot_static,4,10,14,0.6099313095668039,0.7726153407492552,0.16268403118245134,0.5717060308261269,0.14195546669481446,0.24830150294144335,0.9411808801094099,0.9357535043950428,50.21672231710803,48.993591202216244,0.09439206800698655,0.09234445426010231,0.13464524386240587,0.15129173622048808
uot_static,5,0,5,0.7559230400283625,0.9167901868259685,0.16086714679760594,0.5432476095284127,0.0793969136525028,0.14615234795313026,0.9777118106318713,0.976257220569677,58.36026395599508,57.98240716055074,0.10246782077459306,0.10397263937345448,0.13674110239996662,0.15982344521472885
uot_static,5,1,6,0.7723289827294685,0.931007248362402,0.15867826563293352,0.5579538465300993,0.07565442711137645,0.13559262577338502,0.9777143561854916,0.979726735101965,58.36170840008687,58.825118886378576,0.10053184383054882,0.10318012660784691,0.1335574918124592,0.15613610156700583
uot_static,5,2,7,0.7812757225745356,0.9319396341635864,0.1506639115890508,0.5638697960642146,0.07290680807752156,0.12929723951594455,0.966306203399041,0.965908725528995,55.701248469040934,55.53989023435523,0.0968066030084086,0.09768784308330292,0.13168072713361534,0.15224661900490993
uot_static,5,3,8,0.7806032604157912,0.9279961818049959,0.14739292138920468,0.5627224314127277,0.07297077638613045,0.12967454701056721,0.9564027814985913,0.9509599011906547,53.47065870870969,52.19210088726762,0.094554833169498,0.09329899026098507,0.1328667444953272,0.15353883195127063
uot_static,5,4,9,0.7701031021803117,0.9163648694094784,0.14626176722916662,0.551381047898375,0.0748664176279911,0.13577981672266276,0.9568381493295162,0.9509264076634653,53.57125008440259,52.18482673154933,0.09592029234343159,0.0941357027741975,0.13738173330474215,0.15861611349665222
uot_static,5,5,10,0.7589477385365683,0.8937086881665559,0.13476094962998764,0.5462237164068021,0.07783727955068398,0.14250073223242174,0.9549714498785438,0.9473389975278692,53.16869200596479,51.41202720431344,0.09662059943739965,0.09419367896964405,0.13929685034343067,0.16052733598948543
uot_static,5,6,11,0.7505687997298529,0.8769113827659802,0.12634258303612733,0.5565656596199713,0.08196647956427013,0.14727189532361318,0.9498774287195393,0.942606945600109,52.06777309010445,50.41012678046345,0.09603846483987302,0.09352069725852603,0.13818481730222865,0.1575673877158026
uot_static,5,7,12,0.7464805277609668,0.8701808278147557,0.12370030005378885,0.5679523444731076,0.08493331570329112,0.1495430321395789,0.9449004446042825,0.9376731069065363,51.00270808253311,49.386288406145205,0.09490000395834582,0.09191240491695131,0.13559421395344148,0.1533753221395516
uot_static,5,8,13,0.7426844866186934,0.8693263806611449,0.12664189404245152,0.5719323690793826,0.08662191039346617,0.1514548136747324,0.9410515775880823,0.9347053734041463,50.186084619369495,48.78048660614765,0.09401950843778985,0.09141711650894346,0.13432639209079544,0.15136056127952935
uot_static,5,9,14,0.7376226715022569,0.8773160685900361,0.13969339708777917,0.5716874989280407,0.08829558681631312,0.15444729328850873,0.9414627203926536,0.9357172406387911,50.27971189300652,48.98619897993013,0.09457531622959406,0.09233179714375839,0.13499444040341718,0.15184021707727385
uot_static,6,0,6,0.8491908561696432,0.9639318295019215,0.11474097333227828,0.547859472898603,0.04713635581246044,0.08603731092404486,0.9773910622250771,0.9797199023947759,58.28303741146096,58.823446696427325,0.10038919354718236,0.10317731716399257,0.13430812111666987,0.15769725979788077
uot_static,6,1,7,0.8570613233966569,0.963581438513088,0.10652011511643111,0.5641135630447701,0.045640262844572746,0.08090616116058633,0.9652304121702896,0.9659131744173021,55.44968538964874,55.540915353304534,0.09636346540517862,0.09768921873552174,0.1307927550101341,0.15121222915912177
uot_static,6,2,8,0.8592776802015749,0.9621359514098209,0.10285827120824598,0.5675789077401066,0.045038936289319376,0.07935273082759205,0.9547277853732078,0.9509536516461561,53.094053940325516,52.1907385431695,0.09385996632308452,0.09329603481760705,0.1304303718407793,0.14994329547095397
uot_static,6,3,9,0.855560734690482,0.9596222481527654,0.10406151346228343,0.5603249484259155,0.04545219584463316,0.08111756574880177,0.9552907721924834,0.9509179178904904,53.22104548981407,52.18298293786899,0.0952742158842589,0.0941336665573964,0.13471442013334572,0.15494606776202602
uot_static,6,4,10,0.8492184010893191,0.953771684435617,0.10455328334629788,0.5498550521539672,0.046530372989020644,0.08462297983213124,0.9543506401603317,0.9473370904356129,53.02615708439585,51.411619140674226,0.09641131864811171,0.09419292759129308,0.1385733211633727,0.15990538969406812
uot_static,6,5,11,0.8417583000155612,0.9419549829019278,0.10019668288636663,0.5463132483486055,0.04854171797656229,0.08885326893187029,0.9501541649471805,0.9426065451841357,52.12893267389343,50.41004270121689,0.09623490953259328,0.09352032661114831,0.1404780652492601,0.16128350099712183
uot_static,6,6,12,0.8357809173056168,0.9298756077665715,0.09409469046095476,0.5587043921702771,0.05154540549128436,0.09225881559845478,0.9456905575971268,0.9376742099917407,51.1783038651932,49.386514924046274,0.09529283847927744,0.09191323500592818,0.13841401823994706,0.15770844296512956
uot_static,6,7,13,0.8312320506007048,0.9254753767957571,0.09424332619505227,0.5696437562324312,0.053861213945784345,0.09455245204830684,0.9416402370646997,0.9346952078944593,50.31586027620306,48.7784242105635,0.0943090877633289,0.09141169855376469,0.13600454517001087,0.1538100538359614
uot_static,6,8,14,0.8280495966152239,0.9286365926470455,0.10058699603182153,0.5708619587007102,0.05485765663991879,0.09609618543294701,0.9417007789413709,0.9357133458779034,50.33181157994026,48.98540542197199,0.09472640263640497,0.09233038506736387,0.1351204992112636,0.15205712721326173
uot_static,7,0,7,0.9069197959551584,0.9805220424631534,0.07360224650799507,0.5543590797588239,0.02843637844602012,0.05129595506650937,0.9647212985143215,0.9659105997235526,55.331593627335785,55.54032054400483,0.09615139507431189,0.09768838593883489,0.13129768549476983,0.15211144653752445
uot_static,7,1,8,0.909399755048196,0.979575855794463,0.07017610074626701,0.5684211888972572,0.02819463213363025,0.049601655751658584,0.9537673525454524,0.9509543686676828,52.8796082271455,52.19089409028982,0.09345495988076041,0.0932962578980919,0.12922000008388806,0.14795181544702368
uot_static,7,2,9,0.9088703787245863,0.9787755827732446,0.0699052040486583,0.5656841896694311,0.028054143630025074,0.04959329629915779,0.9537432218324001,0.9509172918529711,52.874461199485125,52.18284697080298,0.09458107652479755,0.09413336466288097,0.1320324567253872,0.15083900848531331
uot_static,7,3,10,0.9068604900578197,0.9777739839290981,0.07091349387127843,0.5589687097228396,0.028249164320066522,0.05053800656225221,0.9527749411147192,0.9473359828998711,52.67279424356684,51.41138230593405,0.09577952669332303,0.09419262820792385,0.13590761643918395,0.15609644444637147
uot_static,7,4,11,0.9027478613000057,0.97510281576028,0.07235495446027429,0.5498404463665961,0.029017813760864354,0.05277497127142454,0.9495270309665342,0.9426062341099295,51.9871282779652,50.409977478248074,0.09604173979174278,0.093520199720964,0.1398510817733023,0.1607497631350802
uot_static,7,5,12,0.8976926731111774,0.9672723804454393,0.06957970733426189,0.5483778371431322,0.03052595169755787,0.05566591067317385,0.9458566335357267,0.9376744607847893,51.21399777525778,49.38656643296916,0.09547558967135025,0.09191323170959252,0.1406634362405769,0.1614973724150291
uot_static,7,6,13,0.8925338223610176,0.9604669553797444,0.06793313301872672,0.5603004908930352,0.0326879403375901,0.05834001731015871,0.9422372339379563,0.9346952808749683,50.446195106370624,48.778439013271665,0.09465577894912884,0.09141181816009049,0.1387737932654328,0.1581034667461239
uot_static,7,7,14,0.8891147932155222,0.959925860709303,0.07081106749378074,0.5685930017914853,0.03411057530349426,0.05999119791488976,0.9422568751122293,0.9357112144842878,50.45518441930376,48.984971198562626,0.09499421355248606,0.0923294682320276,0.13675807561248074,0.1544296572717439
uot_static,8,0,8,0.9415625565243166,0.9890492453429824,0.0474866888186658,0.558857529912138,0.017566835326090914,0.03143347702383597,0.9533439612262524,0.9509538604580389,52.78559505770799,52.19078377759246,0.09327675578076208,0.09329611142846707,0.12961156150473002,0.14832587553616816
uot_static,8,1,9,0.9419580035454407,0.9885304683512962,0.04657246480585553,0.5670891671962585,0.017562046184758182,0.03096875623914061,0.9528955515447196,0.9509173877983603,52.68576208536178,52.18286779140269,0.09416562106878522,0.09413340061287348,0.13057618050882583,0.14839804534510098
uot_static,8,2,10,0.9418985802959959,0.9882830340386578,0.04638445374266187,0.564928174498197,0.017436048526719046,0.030864186482125428,0.9511949690184294,0.9473358766439778,52.32244791321423,51.41135958461106,0.09509364178715218,0.09419257663120309,0.13303594310650152,0.15160915808097236
uot_static,8,3,11,0.940618523666381,0.9882132768321713,0.047594753165790316,0.5592549668349738,0.017617080415262908,0.031500981591570554,0.94788631288135,0.9426061007338761,51.62550447532684,50.40994951543776,0.09540526485446588,0.09352016526428414,0.137109597871408,0.1568094693137131
uot_static,8,4,12,0.9379204437836387,0.9862426777295428,0.04832223394590407,0.5522265683311881,0.018248150806069514,0.03304468102868515,0.9450874566604655,0.9376744361710455,51.043913120253215,49.38656137741485,0.09527977964185312,0.09191321827472596,0.13988580720898663,0.16086301623502844
uot_static,8,5,13,0.9338575073084345,0.9818157844237018,0.047958277115267234,0.5502480150970339,0.01935828028929626,0.03518100885085884,0.9421259351486012,0.9346953026395856,50.42187635904546,48.77844342848833,0.09478701556419371,0.09141180982626093,0.14079363279350204,0.16168002383344215
uot_static,8,6,14,0.9302138904895343,0.9789499321613417,0.04873604167180745,0.5593615318871036,0.02070143255451506,0.03700903865282829,0.9427594860880123,0.9357112657623338,50.565811931087616,48.984981644905204,0.09530553615821467,0.09232949833464604,0.13945056123128627,0.15860823813770333
uot_static,9,0,9,0.9628150843133135,0.993838400161536,0.031023315848222488,0.5578267603864503,0.010942141832431144,0.01961566315830862,0.9525041365337056,0.950917315707387,52.598980440906736,52.18285214598843,0.09397207982887881,0.09413337755365334,0.13083411158216326,0.1485053849599594
uot_static,9,1,10,0.9632895284606213,0.9936638837054239,0.030374355244802587,0.5670065476828514,0.010915060187152176,0.019250324765662827,0.9503229741682226,0.9473358916039213,52.130186544877006,51.411362783217506,0.09467755651839288,0.0941925826603957,0.1312854415191955,0.14874490097555684
uot_static,9,2,11,0.9632434621529569,0.9938690388740314,0.030625576721074577,0.5658453269930391,0.010873677606773503,0.019216695955690498,0.9462352372892741,0.9426060802454285,51.265984111272935,50.40994521999474,0.09468786835579247,0.09352015539683482,0.13398607714196112,0.15197177449376525
uot_static,9,3,12,0.962418346240627,0.9935749154338408,0.031156569193213746,0.562351898808726,0.011078682973982235,0.01970062339515715,0.943306919021387,0.9376744152204393,50.65892487974742,49.38655707430336,0.09464077989872258,0.09191321416027143,0.13690013174643906,0.15657235958884272
uot_static,9,4,13,0.9602105077541595,0.9924040992136914,0.032193591459531934,0.5547709027429557,0.011572213307848633,0.020859445314511088,0.9411529667110132,0.9346952983841132,50.21216474715276,48.77844256520586,0.09456104083457967,0.09141180765680296,0.1396904542776106,0.16067678120269926
uot_static,9,5,14,0.9573941187981984,0.9903454920180751,0.032951373219876734,0.5495581235854324,0.012259693713670118,0.022308274934933734,0.9425043310390864,0.9357112625162728,50.51076638881265,48.984980983607684,0.09539984492390387,0.09232949518754655,0.14134543409122313,0.16198222002512966
uot_static,10,0,10,0.9765954846033664,0.9966061746688137,0.020010690065447312,0.5580970288881881,0.006800696265786363,0.012185508816153988,0.949912879907497,0.947335881098071,52.04002869980433,51.411360536920036,0.09448258272386076,0.09419257892963437,0.1313947134683731,0.14859224798624537
uot_static,10,1,11,0.976900076353489,0.9967198366112471,0.019819760257758112,0.5685311393144185,0.0068069806000416976,0.011972924839702033,0.9453270965019984,0.9426060827216386,51.06935752018431,50.40994573912922,0.09423746252099671,0.09352015643350882,0.13193755172637664,0.14872993781060362
uot_static,10,2,12,0.9768588994520999,0.9966885749915169,0.019829675539416947,0.5695799684221212,0.006838024597457232,0.012005381116896138,0.9416630111866137,0.9376744144014679,50.307248764546976,49.38655690609195,0.09393283878805421,0.09191321315236313,0.13357473929883387,0.15130819684021704
uot_static,10,3,13,0.9760621750122817,0.9964438269094291,0.020381651897147468,0.5658854037626088,0.0070256370196654485,0.012415299940503027,0.9393163475031069,0.9346952959511627,49.82257731862239,48.77844207164774,0.09394015978389762,0.09141180742176985,0.13633872981860945,0.15590559093803966
uot_static,10,4,14,0.9745050840204064,0.9959877140641094,0.021482630043702988,0.5543471878015107,0.007328739384174396,0.013220486268252741,0.9414189471926385,0.935711261533273,50.27660649278869,48.98498078334811,0.09515279108506983,0.09232949476130142,0.14012835270653065,0.16076475950400376
uot_static,11,0,11,0.9853198601673646,0.9982539927608819,0.012934132593517278,0.5598990574538424,0.004241131709409287,0.007574814875909882,0.9448928940565631,0.9426060811535776,50.97571826456699,50.40994541038685,0.09402432957616672,0.09352015585020408,0.13190247787628687,0.14834919041458294
uot_static,11,1,12,0.9854979858405347,0.9982367689509687,0.012738783110433971,0.5725486752638325,0.004280640126636964,0.0074764649916698005,0.940875387584324,0.9376744145817321,50.138986807123494,49.38655694311698,0.09349459888503002,0.0919132132613572,0.1314552827251374,0.147787382620178
uot_static,11,2,13,0.9853193610869497,0.9981613512609723,0.012841990174022544,0.5736664531896629,0.004336388983649981,0.007559077159800914,0.937874060869672,0.9346952957185826,49.518913778102764,48.77844202446565,0.09329903192031347,0.0914118072261209,0.13286255666309693,0.15037845230768682
uot_static,11,3,14,0.9847156977416556,0.9981266732990236,0.013410975557368032,0.565717417335112,0.004449370348025815,0.007865005056738702,0.9395115337437211,0.935711261401206,49.871263012450264,48.98498075644278,0.0945307620289097,0.092329494793823,0.13667604765441527,0.15583429561557688
uot_static,12,0,12,0.9907986704128845,0.9990581230984857,0.008259452685601243,0.5639640697021309,0.0026670795267071923,0.004729165686239311,0.9405042678440527,0.9376744144291715,50.059740341875056,49.3865569117822,0.09328556071598289,0.09191321319835034,0.13139630325787624,0.14726503467004812
uot_static,12,1,13,0.9908172427590606,0.9990183577932313,0.008201115034170758,0.5765682789085304,0.0027146027951429,0.0047082069798944975,0.9373965340091688,0.9346952957514572,49.41720224163712,48.778442031134986,0.09292829012968275,0.09141180724434295,0.13086603336981062,0.1469373924871727
uot_static,12,2,14,0.9906456200579475,0.9990353400371157,0.008389719979168153,0.5735145201658447,0.002746256391015634,0.004788468808464503,0.93809519763283,0.9357112613145172,49.57227118788131,48.98498073878267,0.09391049740258894,0.09232949474934894,0.13322388698828277,0.15034790554864189
uot_static,13,0,13,0.9941799359806911,0.9994738297785543,0.005293893797863158,0.5678489574107628,0.0016913502010417205,0.0029785212757170824,0.9371754195443062,0.9346952957283795,49.36966603426922,48.77844202645318,0.09274810351691266,0.09141180723535705,0.1308700577756997,0.14650906902801913
uot_static,13,1,14,0.9941559486549031,0.999485561036894,0.0053296123819909225,0.5762216565994502,0.0017191712512771512,0.0029835241900187746,0.937709405735276,0.9357112613227359,49.4892137284252,48.98498074045719,0.09357036590977617,0.09232949475304356,0.13134217816339808,0.14711645348874142
uot_static,14,0,14,0.9962988019359689,0.9997237396277268,0.00342493769175789,0.5674192120153224,0.0010711403696750956,0.0018877407514466939,0.9375207671331024,0.9357112613185951,49.448335421914344,48.98498073961331,0.09340598429357994,0.09232949475149561,0.13140684524846385,0.14683039549437885
