frame_index,azimuthal_bin,theta_radians,theta_degrees,ground_truth_azimuthal_profile,reconstruction_azimuthal_profile,pixel_count,annulus_inner_pixels,annulus_outer_pixels
0,0,0.04363323129985824,2.5,0.10283687943262412,0.08529411764705883,4,5.62890625,9.62890625
0,1,0.1308996938995747,7.499999999999999,0.10638297872340426,0.11372549019607843,1,5.62890625,9.62890625
0,2,0.21816615649929116,12.499999999999998,0.10874704491725769,0.06797385620915032,3,5.62890625,9.62890625
0,3,0.30543261909900765,17.5,0.08274231678486998,0.06013071895424837,3,5.62890625,9.62890625
0,4,0.39269908169872414,22.5,0.07092198581560284,0.05359477124183006,3,5.62890625,9.62890625
0,5,0.4799655442984406,27.5,0.13238770685579196,0.06928104575163398,3,5.62890625,9.62890625
0,6,0.5672320068981571,32.5,0.07565011820330969,0.05098039215686275,3,5.62890625,9.62890625
0,7,0.6544984694978735,37.49999999999999,0.08510638297872342,0.04836601307189542,3,5.62890625,9.62890625
0,8,0.7417649320975901,42.5,0.12056737588652482,0.06666666666666667,1,5.62890625,9.62890625
0,9,0.8290313946973065,47.5,0.11702127659574468,0.06274509803921569,4,5.62890625,9.62890625
0,10,0.9162978572970231,52.50000000000001,0.09692671394799053,0.06013071895424837,3,5.62890625,9.62890625
0,11,1.0035643198967394,57.5,0.10401891252955082,0.06797385620915032,3,5.62890625,9.62890625
0,12,1.090830782496456,62.50000000000001,0.13238770685579196,0.10065359477124182,3,5.62890625,9.62890625
0,13,1.1780972450961724,67.5,0.08747044917257683,0.08104575163398693,3,5.62890625,9.62890625
0,14,1.2653637076958888,72.5,0.0945626477541371,0.1019607843137255,3,5.62890625,9.62890625
0,15,1.3526301702956054,77.5,0.13711583924349882,0.12026143790849673,3,5.62890625,9.62890625
0,16,1.4398966328953218,82.5,0.15602836879432624,0.19607843137254902,1,5.62890625,9.62890625
0,17,1.5271630954950384,87.5,0.15602836879432624,0.16078431372549018,4,5.62890625,9.62890625
0,18,1.6144295580947547,92.5,0.1826241134751773,0.18823529411764706,4,5.62890625,9.62890625
0,19,1.7016960206944711,97.49999999999999,0.23404255319148937,0.3058823529411765,1,5.62890625,9.62890625
0,20,1.7889624832941877,102.5,0.21040189125295505,0.1895424836601307,3,5.62890625,9.62890625
0,21,1.8762289458939043,107.5,0.19858156028368792,0.20261437908496735,3,5.62890625,9.62890625
0,22,1.9634954084936207,112.5,0.21513002364066194,0.20915032679738563,3,5.62890625,9.62890625
0,23,2.050761871093337,117.5,0.326241134751773,0.28496732026143795,3,5.62890625,9.62890625
0,24,2.1380283336930535,122.49999999999999,0.3238770685579196,0.23790849673202616,3,5.62890625,9.62890625
0,25,2.2252947962927703,127.50000000000001,0.23167848699763594,0.23267973856209148,3,5.62890625,9.62890625
0,26,2.3125612588924866,132.5,0.40425531914893614,0.3137254901960784,1,5.62890625,9.62890625
0,27,2.399827721492203,137.5,0.38652482269503546,0.2823529411764706,4,5.62890625,9.62890625
0,28,2.4870941840919194,142.5,0.3215130023640662,0.26143790849673204,3,5.62890625,9.62890625
0,29,2.574360646691636,147.49999999999997,0.4491725768321513,0.28104575163398693,3,5.62890625,9.62890625
0,30,2.6616271092913526,152.5,0.49408983451536637,0.38169934640522873,3,5.62890625,9.62890625
0,31,2.748893571891069,157.5,0.4468085106382979,0.30980392156862746,3,5.62890625,9.62890625
0,32,2.8361600344907854,162.5,0.4609929078014184,0.32418300653594767,3,5.62890625,9.62890625
0,33,2.9234264970905017,167.5,0.557919621749409,0.35032679738562095,3,5.62890625,9.62890625
0,34,3.0106929596902186,172.5,0.6028368794326241,0.5686274509803921,1,5.62890625,9.62890625
0,35,3.097959422289935,177.5,0.6329787234042553,0.4196078431372549,4,5.62890625,9.62890625
0,36,3.1852258848896513,182.5,0.6755319148936171,0.4794117647058823,4,5.62890625,9.62890625
0,37,3.2724923474893677,187.5,0.5673758865248227,0.7137254901960784,1,5.62890625,9.62890625
0,38,3.359758810089084,192.49999999999997,0.6973995271867612,0.5686274509803922,3,5.62890625,9.62890625
0,39,3.447025272688801,197.5,0.5177304964539008,0.6143790849673202,3,5.62890625,9.62890625
0,40,3.5342917352885173,202.5,0.6855791962174941,0.657516339869281,3,5.62890625,9.62890625
0,41,3.6215581978882336,207.5,0.6359338061465721,0.8457516339869281,3,5.62890625,9.62890625
0,42,3.70882466048795,212.5,0.640661938534279,0.7437908496732026,3,5.62890625,9.62890625
0,43,3.796091123087667,217.5,0.5366430260047281,0.6601307189542484,3,5.62890625,9.62890625
0,44,3.883357585687383,222.5,0.5815602836879432,0.8901960784313725,1,5.62890625,9.62890625
0,45,3.9706240482870996,227.5,0.599290780141844,0.738235294117647,4,5.62890625,9.62890625
0,46,4.057890510886816,232.5,0.5082742316784871,0.5516339869281045,3,5.62890625,9.62890625
0,47,4.145156973486532,237.49999999999997,0.5697399527186762,0.6156862745098038,3,5.62890625,9.62890625
0,48,4.232423436086249,242.49999999999997,0.5768321513002364,0.5241830065359477,3,5.62890625,9.62890625
0,49,4.319689898685965,247.49999999999997,0.5011820330969267,0.46013071895424834,3,5.62890625,9.62890625
0,50,4.4069563612856815,252.49999999999997,0.458628841607565,0.40915032679738567,3,5.62890625,9.62890625
0,51,4.494222823885399,257.5,0.6359338061465721,0.4274509803921569,3,5.62890625,9.62890625
0,52,4.581489286485115,262.5,0.2553191489361702,0.26666666666666666,1,5.62890625,9.62890625
0,53,4.6687557490848315,267.5,0.47340425531914887,0.3696078431372549,4,5.62890625,9.62890625
0,54,4.756022211684548,272.5,0.3953900709219858,0.3588235294117647,4,5.62890625,9.62890625
0,55,4.843288674284264,277.5,0.22695035460992907,0.2196078431372549,1,5.62890625,9.62890625
0,56,4.930555136883981,282.5,0.3806146572104019,0.3934640522875817,3,5.62890625,9.62890625
0,57,5.017821599483697,287.5,0.309692671394799,0.34640522875817,3,5.62890625,9.62890625
0,58,5.105088062083413,292.5,0.2765957446808511,0.3542483660130719,3,5.62890625,9.62890625
0,59,5.192354524683131,297.5,0.3617021276595745,0.37254901960784315,3,5.62890625,9.62890625
0,60,5.279620987282847,302.5,0.34278959810874704,0.3986928104575163,3,5.62890625,9.62890625
0,61,5.366887449882563,307.5,0.2434988179669031,0.3032679738562091,3,5.62890625,9.62890625
0,62,5.45415391248228,312.5,0.2978723404255319,0.4,1,5.62890625,9.62890625
0,63,5.541420375081996,317.5,0.26773049645390073,0.3254901960784314,4,5.62890625,9.62890625
0,64,5.6286868376817125,322.5,0.18676122931442082,0.2169934640522876,3,5.62890625,9.62890625
0,65,5.715953300281429,327.5,0.2293144208037825,0.2261437908496732,3,5.62890625,9.62890625
0,66,5.803219762881145,332.5,0.2434988179669031,0.1869281045751634,3,5.62890625,9.62890625
0,67,5.890486225480862,337.5,0.12293144208037825,0.12026143790849671,3,5.62890625,9.62890625
0,68,5.977752688080578,342.49999999999994,0.13947990543735225,0.11241830065359477,3,5.62890625,9.62890625
0,69,6.065019150680295,347.5,0.15602836879432624,0.10065359477124182,3,5.62890625,9.62890625
0,70,6.152285613280012,352.5,0.11347517730496454,0.13333333333333333,1,5.62890625,9.62890625
0,71,6.239552075879728,357.5,0.12056737588652483,0.09607843137254901,4,5.62890625,9.62890625
1,0,0.04363323129985824,2.5,0.11731843575418993,0.1,4,5.62890625,9.62890625
1,1,0.1308996938995747,7.499999999999999,0.1005586592178771,0.09411764705882353,1,5.62890625,9.62890625
1,2,0.21816615649929116,12.499999999999998,0.09124767225325885,0.07450980392156863,3,5.62890625,9.62890625
1,3,0.30543261909900765,17.5,0.06517690875232775,0.0588235294117647,3,5.62890625,9.62890625
1,4,0.39269908169872414,22.5,0.046554934823091254,0.05098039215686275,3,5.62890625,9.62890625
1,5,0.4799655442984406,27.5,0.08752327746741155,0.04967320261437908,3,5.62890625,9.62890625
1,6,0.5672320068981571,32.5,0.05772811918063314,0.04313725490196078,3,5.62890625,9.62890625
1,7,0.6544984694978735,37.49999999999999,0.054003724394785846,0.04183006535947712,3,5.62890625,9.62890625
1,8,0.7417649320975901,42.5,0.0670391061452514,0.047058823529411764,1,5.62890625,9.62890625
1,9,0.8290313946973065,47.5,0.06005586592178771,0.048039215686274506,4,5.62890625,9.62890625
1,10,0.9162978572970231,52.50000000000001,0.054003724394785846,0.04836601307189542,3,5.62890625,9.62890625
1,11,1.0035643198967394,57.5,0.055865921787709494,0.05228758169934641,3,5.62890625,9.62890625
1,12,1.090830782496456,62.50000000000001,0.07821229050279328,0.07189542483660132,3,5.62890625,9.62890625
1,13,1.1780972450961724,67.5,0.061452513966480445,0.06013071895424837,3,5.62890625,9.62890625
1,14,1.2653637076958888,72.5,0.05772811918063314,0.07058823529411765,3,5.62890625,9.62890625
1,15,1.3526301702956054,77.5,0.08379888268156425,0.07450980392156863,3,5.62890625,9.62890625
1,16,1.4398966328953218,82.5,0.1452513966480447,0.13725490196078433,1,5.62890625,9.62890625
1,17,1.5271630954950384,87.5,0.1005586592178771,0.09313725490196079,4,5.62890625,9.62890625
1,18,1.6144295580947547,92.5,0.10195530726256982,0.09901960784313726,4,5.62890625,9.62890625
1,19,1.7016960206944711,97.49999999999999,0.12290502793296089,0.1568627450980392,1,5.62890625,9.62890625
1,20,1.7889624832941877,102.5,0.1042830540037244,0.09019607843137256,3,5.62890625,9.62890625
1,21,1.8762289458939043,107.5,0.0856610800744879,0.09542483660130718,3,5.62890625,9.62890625
1,22,1.9634954084936207,112.5,0.10242085661080073,0.09934640522875816,3,5.62890625,9.62890625
1,23,2.050761871093337,117.5,0.13221601489757914,0.12679738562091503,3,5.62890625,9.62890625
1,24,2.1380283336930535,122.49999999999999,0.1340782122905028,0.11633986928104574,3,5.62890625,9.62890625
1,25,2.2252947962927703,127.50000000000001,0.1042830540037244,0.1215686274509804,3,5.62890625,9.62890625
1,26,2.3125612588924866,132.5,0.13966480446927373,0.1607843137254902,1,5.62890625,9.62890625
1,27,2.399827721492203,137.5,0.1606145251396648,0.1647058823529412,4,5.62890625,9.62890625
1,28,2.4870941840919194,142.5,0.16014897579143392,0.17516339869281042,3,5.62890625,9.62890625
1,29,2.574360646691636,147.49999999999997,0.2197392923649907,0.20261437908496735,3,5.62890625,9.62890625
1,30,2.6616271092913526,152.5,0.33147113594040967,0.29150326797385623,3,5.62890625,9.62890625
1,31,2.748893571891069,157.5,0.3128491620111732,0.25882352941176473,3,5.62890625,9.62890625
1,32,2.8361600344907854,162.5,0.3966480446927374,0.2901960784313725,3,5.62890625,9.62890625
1,33,2.9234264970905017,167.5,0.5083798882681565,0.3176470588235294,3,5.62890625,9.62890625
1,34,3.0106929596902186,172.5,0.6145251396648045,0.5098039215686274,1,5.62890625,9.62890625
1,35,3.097959422289935,177.5,0.5628491620111732,0.3862745098039216,4,5.62890625,9.62890625
1,36,3.1852258848896513,182.5,0.5600558659217877,0.4480392156862745,4,5.62890625,9.62890625
1,37,3.2724923474893677,187.5,0.441340782122905,0.7019607843137254,1,5.62890625,9.62890625
1,38,3.359758810089084,192.49999999999997,0.5847299813780261,0.5254901960784314,3,5.62890625,9.62890625
1,39,3.447025272688801,197.5,0.4636871508379889,0.5882352941176471,3,5.62890625,9.62890625
1,40,3.5342917352885173,202.5,0.5679702048417132,0.6130718954248366,3,5.62890625,9.62890625
1,41,3.6215581978882336,207.5,0.527001862197393,0.8091503267973855,3,5.62890625,9.62890625
1,42,3.70882466048795,212.5,0.5121042830540037,0.688888888888889,3,5.62890625,9.62890625
1,43,3.796091123087667,217.5,0.51024208566108,0.5973856209150327,3,5.62890625,9.62890625
1,44,3.883357585687383,222.5,0.4245810055865922,0.8470588235294118,1,5.62890625,9.62890625
1,45,3.9706240482870996,227.5,0.4720670391061452,0.6813725490196079,4,5.62890625,9.62890625
1,46,4.057890510886816,232.5,0.4711359404096834,0.48627450980392156,3,5.62890625,9.62890625
1,47,4.145156973486532,237.49999999999997,0.4338919925512104,0.5607843137254902,3,5.62890625,9.62890625
1,48,4.232423436086249,242.49999999999997,0.44692737430167595,0.5320261437908497,3,5.62890625,9.62890625
1,49,4.319689898685965,247.49999999999997,0.441340782122905,0.40915032679738567,3,5.62890625,9.62890625
1,50,4.4069563612856815,252.49999999999997,0.3500931098696462,0.3790849673202614,3,5.62890625,9.62890625
1,51,4.494222823885399,257.5,0.3798882681564246,0.40392156862745093,3,5.62890625,9.62890625
1,52,4.581489286485115,262.5,0.40782122905027934,0.37254901960784315,1,5.62890625,9.62890625
1,53,4.6687557490848315,267.5,0.35195530726256985,0.36176470588235293,4,5.62890625,9.62890625
1,54,4.756022211684548,272.5,0.3240223463687151,0.3343137254901961,4,5.62890625,9.62890625
1,55,4.843288674284264,277.5,0.22346368715083798,0.24313725490196078,1,5.62890625,9.62890625
1,56,4.930555136883981,282.5,0.3296089385474861,0.3398692810457516,3,5.62890625,9.62890625
1,57,5.017821599483697,287.5,0.2644320297951583,0.28496732026143795,3,5.62890625,9.62890625
1,58,5.105088062083413,292.5,0.21042830540037247,0.28758169934640526,3,5.62890625,9.62890625
1,59,5.192354524683131,297.5,0.30353817504655495,0.330718954248366,3,5.62890625,9.62890625
1,60,5.279620987282847,302.5,0.26629422718808193,0.3490196078431373,3,5.62890625,9.62890625
1,61,5.366887449882563,307.5,0.19180633147113593,0.2679738562091503,3,5.62890625,9.62890625
1,62,5.45415391248228,312.5,0.2737430167597765,0.396078431372549,1,5.62890625,9.62890625
1,63,5.541420375081996,317.5,0.2402234636871508,0.3274509803921569,4,5.62890625,9.62890625
1,64,5.6286868376817125,322.5,0.18063314711359402,0.24052287581699347,3,5.62890625,9.62890625
1,65,5.715953300281429,327.5,0.2569832402234637,0.2601307189542484,3,5.62890625,9.62890625
1,66,5.803219762881145,332.5,0.27932960893854747,0.23921568627450981,3,5.62890625,9.62890625
1,67,5.890486225480862,337.5,0.15456238361266295,0.1699346405228758,3,5.62890625,9.62890625
1,68,5.977752688080578,342.49999999999994,0.19553072625698328,0.1607843137254902,3,5.62890625,9.62890625
1,69,6.065019150680295,347.5,0.19925512104283052,0.14640522875816994,3,5.62890625,9.62890625
1,70,6.152285613280012,352.5,0.16201117318435754,0.16862745098039217,1,5.62890625,9.62890625
1,71,6.239552075879728,357.5,0.14664804469273743,0.12450980392156863,4,5.62890625,9.62890625
2,0,0.04363323129985824,2.5,0.16470588235294117,0.17960784313725492,5,7.5673828125,12.6123046875
2,1,0.1308996938995747,7.499999999999999,0.14215686274509806,0.1588235294117647,4,7.5673828125,12.6123046875
2,2,0.21816615649929116,12.499999999999998,0.15980392156862747,0.13254901960784313,5,7.5673828125,12.6123046875
2,3,0.30543261909900765,17.5,0.13112745098039216,0.10294117647058823,4,7.5673828125,12.6123046875
2,4,0.39269908169872414,22.5,0.09436274509803921,0.08333333333333334,4,7.5673828125,12.6123046875
2,5,0.4799655442984406,27.5,0.09681372549019607,0.07352941176470588,4,7.5673828125,12.6123046875
2,6,0.5672320068981571,32.5,0.07598039215686275,0.05816993464052287,6,7.5673828125,12.6123046875
2,7,0.6544984694978735,37.49999999999999,0.0588235294117647,0.05098039215686275,3,7.5673828125,12.6123046875
2,8,0.7417649320975901,42.5,0.06209150326797386,0.05751633986928104,3,7.5673828125,12.6123046875
2,9,0.8290313946973065,47.5,0.06022408963585435,0.05994397759103642,7,7.5673828125,12.6123046875
2,10,0.9162978572970231,52.50000000000001,0.05065359477124184,0.06797385620915032,3,7.5673828125,12.6123046875
2,11,1.0035643198967394,57.5,0.05228758169934641,0.07973856209150326,6,7.5673828125,12.6123046875
2,12,1.090830782496456,62.50000000000001,0.05392156862745098,0.10098039215686275,4,7.5673828125,12.6123046875
2,13,1.1780972450961724,67.5,0.05759803921568628,0.11764705882352941,4,7.5673828125,12.6123046875
2,14,1.2653637076958888,72.5,0.058823529411764705,0.12058823529411765,4,7.5673828125,12.6123046875
2,15,1.3526301702956054,77.5,0.06862745098039216,0.13568627450980392,5,7.5673828125,12.6123046875
2,16,1.4398966328953218,82.5,0.07230392156862744,0.1588235294117647,4,7.5673828125,12.6123046875
2,17,1.5271630954950384,87.5,0.07941176470588235,0.15372549019607842,5,7.5673828125,12.6123046875
2,18,1.6144295580947547,92.5,0.08725490196078432,0.15058823529411763,5,7.5673828125,12.6123046875
2,19,1.7016960206944711,97.49999999999999,0.09191176470588236,0.14901960784313725,4,7.5673828125,12.6123046875
2,20,1.7889624832941877,102.5,0.1019607843137255,0.12470588235294118,5,7.5673828125,12.6123046875
2,21,1.8762289458939043,107.5,0.10294117647058823,0.11568627450980393,4,7.5673828125,12.6123046875
2,22,1.9634954084936207,112.5,0.11519607843137256,0.12156862745098039,4,7.5673828125,12.6123046875
2,23,2.050761871093337,117.5,0.1323529411764706,0.11862745098039215,4,7.5673828125,12.6123046875
2,24,2.1380283336930535,122.49999999999999,0.13725490196078433,0.1215686274509804,6,7.5673828125,12.6123046875
2,25,2.2252947962927703,127.50000000000001,0.14705882352941177,0.1450980392156863,3,7.5673828125,12.6123046875
2,26,2.3125612588924866,132.5,0.17647058823529413,0.15555555555555556,3,7.5673828125,12.6123046875
2,27,2.399827721492203,137.5,0.1827731092436975,0.17983193277310924,7,7.5673828125,12.6123046875
2,28,2.4870941840919194,142.5,0.1895424836601307,0.25098039215686274,3,7.5673828125,12.6123046875
2,29,2.574360646691636,147.49999999999997,0.18872549019607843,0.28496732026143795,6,7.5673828125,12.6123046875
2,30,2.6616271092913526,152.5,0.21323529411764705,0.32941176470588235,4,7.5673828125,12.6123046875
2,31,2.748893571891069,157.5,0.20588235294117646,0.4137254901960784,4,7.5673828125,12.6123046875
2,32,2.8361600344907854,162.5,0.21936274509803924,0.3509803921568627,4,7.5673828125,12.6123046875
2,33,2.9234264970905017,167.5,0.24803921568627452,0.3388235294117647,5,7.5673828125,12.6123046875
2,34,3.0106929596902186,172.5,0.2708333333333333,0.40196078431372545,4,7.5673828125,12.6123046875
2,35,3.097959422289935,177.5,0.2892156862745098,0.38117647058823534,5,7.5673828125,12.6123046875
2,36,3.1852258848896513,182.5,0.3137254901960784,0.4407843137254902,5,7.5673828125,12.6123046875
2,37,3.2724923474893677,187.5,0.36397058823529416,0.5882352941176471,4,7.5673828125,12.6123046875
2,38,3.359758810089084,192.49999999999997,0.3607843137254902,0.5976470588235294,5,7.5673828125,12.6123046875
2,39,3.447025272688801,197.5,0.4632352941176471,0.6764705882352942,4,7.5673828125,12.6123046875
2,40,3.5342917352885173,202.5,0.5637254901960784,0.8098039215686275,4,7.5673828125,12.6123046875
2,41,3.6215581978882336,207.5,0.5870098039215685,0.8401960784313726,4,7.5673828125,12.6123046875
2,42,3.70882466048795,212.5,0.6797385620915032,0.8679738562091504,6,7.5673828125,12.6123046875
2,43,3.796091123087667,217.5,0.7549019607843137,0.9202614379084967,3,7.5673828125,12.6123046875
2,44,3.883357585687383,222.5,0.7875816993464051,0.9385620915032679,3,7.5673828125,12.6123046875
2,45,3.9706240482870996,227.5,0.7801120448179272,0.8829131652661063,7,7.5673828125,12.6123046875
2,46,4.057890510886816,232.5,0.7303921568627452,0.7895424836601307,3,7.5673828125,12.6123046875
2,47,4.145156973486532,237.49999999999997,0.6544117647058824,0.7398692810457517,6,7.5673828125,12.6123046875
2,48,4.232423436086249,242.49999999999997,0.6556372549019608,0.7107843137254901,4,7.5673828125,12.6123046875
2,49,4.319689898685965,247.49999999999997,0.49387254901960786,0.5901960784313725,4,7.5673828125,12.6123046875
2,50,4.4069563612856815,252.49999999999997,0.47181372549019607,0.5892156862745098,4,7.5673828125,12.6123046875
2,51,4.494222823885399,257.5,0.4568627450980392,0.5780392156862745,5,7.5673828125,12.6123046875
2,52,4.581489286485115,262.5,0.2892156862745098,0.4019607843137255,4,7.5673828125,12.6123046875
2,53,4.6687557490848315,267.5,0.3,0.3921568627450981,5,7.5673828125,12.6123046875
2,54,4.756022211684548,272.5,0.2519607843137255,0.3262745098039216,5,7.5673828125,12.6123046875
2,55,4.843288674284264,277.5,0.17279411764705882,0.21274509803921568,4,7.5673828125,12.6123046875
2,56,4.930555136883981,282.5,0.242156862745098,0.2941176470588235,5,7.5673828125,12.6123046875
2,57,5.017821599483697,287.5,0.2071078431372549,0.25,4,7.5673828125,12.6123046875
2,58,5.105088062083413,292.5,0.16176470588235295,0.16862745098039217,4,7.5673828125,12.6123046875
2,59,5.192354524683131,297.5,0.1875,0.22058823529411764,4,7.5673828125,12.6123046875
2,60,5.279620987282847,302.5,0.16748366013071894,0.19411764705882353,6,7.5673828125,12.6123046875
2,61,5.366887449882563,307.5,0.14215686274509806,0.17124183006535945,3,7.5673828125,12.6123046875
2,62,5.45415391248228,312.5,0.18627450980392157,0.23137254901960783,3,7.5673828125,12.6123046875
2,63,5.541420375081996,317.5,0.1904761904761905,0.21792717086834737,7,7.5673828125,12.6123046875
2,64,5.6286868376817125,322.5,0.15359477124183005,0.17908496732026147,3,7.5673828125,12.6123046875
2,65,5.715953300281429,327.5,0.17483660130718956,0.17712418300653596,6,7.5673828125,12.6123046875
2,66,5.803219762881145,332.5,0.17401960784313725,0.17941176470588238,4,7.5673828125,12.6123046875
2,67,5.890486225480862,337.5,0.1299019607843137,0.15588235294117647,4,7.5673828125,12.6123046875
2,68,5.977752688080578,342.49999999999994,0.1556372549019608,0.15392156862745096,4,7.5673828125,12.6123046875
2,69,6.065019150680295,347.5,0.16470588235294117,0.16549019607843138,5,7.5673828125,12.6123046875
2,70,6.152285613280012,352.5,0.15196078431372548,0.16764705882352943,4,7.5673828125,12.6123046875
2,71,6.239552075879728,357.5,0.15,0.18274509803921568,5,7.5673828125,12.6123046875
3,0,0.04363323129985824,2.5,0.14021739130434782,0.1788235294117647,5,7.1982421875,11.9970703125
3,1,0.1308996938995747,7.499999999999999,0.16666666666666666,0.2169934640522876,3,7.1982421875,11.9970703125
3,2,0.21816615649929116,12.499999999999998,0.1597826086956522,0.18666666666666668,5,7.1982421875,11.9970703125
3,3,0.30543261909900765,17.5,0.15217391304347824,0.17254901960784316,3,7.1982421875,11.9970703125
3,4,0.39269908169872414,22.5,0.2028985507246377,0.17516339869281047,3,7.1982421875,11.9970703125
3,5,0.4799655442984406,27.5,0.1641304347826087,0.1427450980392157,5,7.1982421875,11.9970703125
3,6,0.5672320068981571,32.5,0.15760869565217392,0.12627450980392158,5,7.1982421875,11.9970703125
3,7,0.6544984694978735,37.49999999999999,0.19021739130434784,0.1196078431372549,2,7.1982421875,11.9970703125
3,8,0.7417649320975901,42.5,0.14673913043478262,0.10588235294117647,3,7.1982421875,11.9970703125
3,9,0.8290313946973065,47.5,0.14764492753623187,0.1065359477124183,6,7.1982421875,11.9970703125
3,10,0.9162978572970231,52.50000000000001,0.15217391304347827,0.09803921568627452,2,7.1982421875,11.9970703125
3,11,1.0035643198967394,57.5,0.10869565217391305,0.10666666666666666,5,7.1982421875,11.9970703125
3,12,1.090830782496456,62.50000000000001,0.10434782608695652,0.12941176470588237,5,7.1982421875,11.9970703125
3,13,1.1780972450961724,67.5,0.1105072463768116,0.14248366013071898,3,7.1982421875,11.9970703125
3,14,1.2653637076958888,72.5,0.1032608695652174,0.17385620915032682,3,7.1982421875,11.9970703125
3,15,1.3526301702956054,77.5,0.09891304347826088,0.1850980392156863,5,7.1982421875,11.9970703125
3,16,1.4398966328953218,82.5,0.09601449275362318,0.21045751633986928,3,7.1982421875,11.9970703125
3,17,1.5271630954950384,87.5,0.10543478260869565,0.21725490196078429,5,7.1982421875,11.9970703125
3,18,1.6144295580947547,92.5,0.11195652173913043,0.21803921568627455,5,7.1982421875,11.9970703125
3,19,1.7016960206944711,97.49999999999999,0.11050724637681159,0.23529411764705885,3,7.1982421875,11.9970703125
3,20,1.7889624832941877,102.5,0.11630434782608697,0.2007843137254902,5,7.1982421875,11.9970703125
3,21,1.8762289458939043,107.5,0.1322463768115942,0.17908496732026147,3,7.1982421875,11.9970703125
3,22,1.9634954084936207,112.5,0.14130434782608695,0.18823529411764706,3,7.1982421875,11.9970703125
3,23,2.050761871093337,117.5,0.14673913043478262,0.15529411764705883,5,7.1982421875,11.9970703125
3,24,2.1380283336930535,122.49999999999999,0.16956521739130434,0.1552941176470588,5,7.1982421875,11.9970703125
3,25,2.2252947962927703,127.50000000000001,0.18478260869565216,0.16862745098039217,2,7.1982421875,11.9970703125
3,26,2.3125612588924866,132.5,0.20108695652173914,0.16470588235294117,3,7.1982421875,11.9970703125
3,27,2.399827721492203,137.5,0.21376811594202896,0.18039215686274512,6,7.1982421875,11.9970703125
3,28,2.4870941840919194,142.5,0.22282608695652176,0.2392156862745098,2,7.1982421875,11.9970703125
3,29,2.574360646691636,147.49999999999997,0.21413043478260868,0.26431372549019605,5,7.1982421875,11.9970703125
3,30,2.6616271092913526,152.5,0.24130434782608695,0.2901960784313726,5,7.1982421875,11.9970703125
3,31,2.748893571891069,157.5,0.2355072463768116,0.39215686274509803,3,7.1982421875,11.9970703125
3,32,2.8361600344907854,162.5,0.29347826086956524,0.31241830065359477,3,7.1982421875,11.9970703125
3,33,2.9234264970905017,167.5,0.26304347826086955,0.3388235294117647,5,7.1982421875,11.9970703125
3,34,3.0106929596902186,172.5,0.21376811594202896,0.3764705882352941,3,7.1982421875,11.9970703125
3,35,3.097959422289935,177.5,0.2608695652173913,0.2996078431372549,5,7.1982421875,11.9970703125
3,36,3.1852258848896513,182.5,0.2576086956521739,0.3317647058823529,5,7.1982421875,11.9970703125
3,37,3.2724923474893677,187.5,0.25,0.461437908496732,3,7.1982421875,11.9970703125
3,38,3.359758810089084,192.49999999999997,0.3065217391304348,0.4768627450980391,5,7.1982421875,11.9970703125
3,39,3.447025272688801,197.5,0.3423913043478261,0.5398692810457516,3,7.1982421875,11.9970703125
3,40,3.5342917352885173,202.5,0.4202898550724638,0.6915032679738561,3,7.1982421875,11.9970703125
3,41,3.6215581978882336,207.5,0.45,0.6878431372549019,5,7.1982421875,11.9970703125
3,42,3.70882466048795,212.5,0.5478260869565217,0.820392156862745,5,7.1982421875,11.9970703125
3,43,3.796091123087667,217.5,0.625,0.9392156862745098,2,7.1982421875,11.9970703125
3,44,3.883357585687383,222.5,0.6268115942028986,0.9294117647058823,3,7.1982421875,11.9970703125
3,45,3.9706240482870996,227.5,0.6567028985507245,0.9503267973856208,6,7.1982421875,11.9970703125
3,46,4.057890510886816,232.5,0.8097826086956521,0.9764705882352941,2,7.1982421875,11.9970703125
3,47,4.145156973486532,237.49999999999997,0.7804347826086957,0.9341176470588236,5,7.1982421875,11.9970703125
3,48,4.232423436086249,242.49999999999997,0.7619565217391304,0.8933333333333333,5,7.1982421875,11.9970703125
3,49,4.319689898685965,247.49999999999997,0.822463768115942,0.8980392156862745,3,7.1982421875,11.9970703125
3,50,4.4069563612856815,252.49999999999997,0.7898550724637682,0.9019607843137254,3,7.1982421875,11.9970703125
3,51,4.494222823885399,257.5,0.7391304347826086,0.8321568627450979,5,7.1982421875,11.9970703125
3,52,4.581489286485115,262.5,0.657608695652174,0.7542483660130719,3,7.1982421875,11.9970703125
3,53,4.6687557490848315,267.5,0.7282608695652174,0.763921568627451,5,7.1982421875,11.9970703125
3,54,4.756022211684548,272.5,0.6684782608695652,0.7011764705882353,5,7.1982421875,11.9970703125
3,55,4.843288674284264,277.5,0.4583333333333333,0.5477124183006535,3,7.1982421875,11.9970703125
3,56,4.930555136883981,282.5,0.5086956521739131,0.5858823529411765,5,7.1982421875,11.9970703125
3,57,5.017821599483697,287.5,0.516304347826087,0.6196078431372549,3,7.1982421875,11.9970703125
3,58,5.105088062083413,292.5,0.32971014492753625,0.5045751633986928,3,7.1982421875,11.9970703125
3,59,5.192354524683131,297.5,0.3923913043478261,0.52,5,7.1982421875,11.9970703125
3,60,5.279620987282847,302.5,0.32173913043478264,0.4682352941176471,5,7.1982421875,11.9970703125
3,61,5.366887449882563,307.5,0.26902173913043476,0.48627450980392156,2,7.1982421875,11.9970703125
3,62,5.45415391248228,312.5,0.26811594202898553,0.44575163398692813,3,7.1982421875,11.9970703125
3,63,5.541420375081996,317.5,0.259963768115942,0.41830065359477125,6,7.1982421875,11.9970703125
3,64,5.6286868376817125,322.5,0.1983695652173913,0.38431372549019605,2,7.1982421875,11.9970703125
3,65,5.715953300281429,327.5,0.20869565217391303,0.2909803921568627,5,7.1982421875,11.9970703125
3,66,5.803219762881145,332.5,0.1782608695652174,0.21960784313725487,5,7.1982421875,11.9970703125
3,67,5.890486225480862,337.5,0.1539855072463768,0.203921568627451,3,7.1982421875,11.9970703125
3,68,5.977752688080578,342.49999999999994,0.16123188405797104,0.15686274509803924,3,7.1982421875,11.9970703125
3,69,6.065019150680295,347.5,0.15108695652173912,0.1396078431372549,5,7.1982421875,11.9970703125
3,70,6.152285613280012,352.5,0.14130434782608695,0.1581699346405229,3,7.1982421875,11.9970703125
3,71,6.239552075879728,357.5,0.1456521739130435,0.15921568627450983,5,7.1982421875,11.9970703125
4,0,0.04363323129985824,2.5,0.20496894409937888,0.22254901960784312,4,6.8291015625,11.3818359375
4,1,0.1308996938995747,7.499999999999999,0.14596273291925466,0.2529411764705882,2,6.8291015625,11.3818359375
4,2,0.21816615649929116,12.499999999999998,0.17236024844720496,0.21764705882352942,4,6.8291015625,11.3818359375
4,3,0.30543261909900765,17.5,0.16149068322981366,0.20653594771241832,3,6.8291015625,11.3818359375
4,4,0.39269908169872414,22.5,0.14699792960662525,0.19999999999999998,3,6.8291015625,11.3818359375
4,5,0.4799655442984406,27.5,0.16770186335403728,0.2019607843137255,4,6.8291015625,11.3818359375
4,6,0.5672320068981571,32.5,0.16149068322981366,0.2058823529411765,4,6.8291015625,11.3818359375
4,7,0.6544984694978735,37.49999999999999,0.17598343685300208,0.17908496732026144,3,6.8291015625,11.3818359375
4,8,0.7417649320975901,42.5,0.1821946169772257,0.17908496732026147,3,6.8291015625,11.3818359375
4,9,0.8290313946973065,47.5,0.19565217391304346,0.16666666666666666,6,6.8291015625,11.3818359375
4,10,0.9162978572970231,52.50000000000001,0.20082815734989645,0.1477124183006536,3,6.8291015625,11.3818359375
4,11,1.0035643198967394,57.5,0.172360248447205,0.15490196078431373,4,6.8291015625,11.3818359375
4,12,1.090830782496456,62.50000000000001,0.16304347826086957,0.15686274509803924,4,6.8291015625,11.3818359375
4,13,1.1780972450961724,67.5,0.1697722567287785,0.1581699346405229,3,6.8291015625,11.3818359375
4,14,1.2653637076958888,72.5,0.15527950310559005,0.1699346405228758,3,6.8291015625,11.3818359375
4,15,1.3526301702956054,77.5,0.16770186335403728,0.18725490196078434,4,6.8291015625,11.3818359375
4,16,1.4398966328953218,82.5,0.16459627329192544,0.22745098039215686,2,6.8291015625,11.3818359375
4,17,1.5271630954950384,87.5,0.1847826086956522,0.22254901960784312,4,6.8291015625,11.3818359375
4,18,1.6144295580947547,92.5,0.1909937888198758,0.23529411764705882,4,6.8291015625,11.3818359375
4,19,1.7016960206944711,97.49999999999999,0.15838509316770188,0.30000000000000004,2,6.8291015625,11.3818359375
4,20,1.7889624832941877,102.5,0.19254658385093165,0.25392156862745097,4,6.8291015625,11.3818359375
4,21,1.8762289458939043,107.5,0.20910973084886128,0.24444444444444446,3,6.8291015625,11.3818359375
4,22,1.9634954084936207,112.5,0.20082815734989648,0.23006535947712417,3,6.8291015625,11.3818359375
4,23,2.050761871093337,117.5,0.2298136645962733,0.23333333333333334,4,6.8291015625,11.3818359375
4,24,2.1380283336930535,122.49999999999999,0.2236024844720497,0.246078431372549,4,6.8291015625,11.3818359375
4,25,2.2252947962927703,127.50000000000001,0.21325051759834368,0.23267973856209148,3,6.8291015625,11.3818359375
4,26,2.3125612588924866,132.5,0.2215320910973085,0.2627450980392157,3,6.8291015625,11.3818359375
4,27,2.399827721492203,137.5,0.25155279503105593,0.2882352941176471,6,6.8291015625,11.3818359375
4,28,2.4870941840919194,142.5,0.2608695652173913,0.30718954248366015,3,6.8291015625,11.3818359375
4,29,2.574360646691636,147.49999999999997,0.28881987577639756,0.3794117647058824,4,6.8291015625,11.3818359375
4,30,2.6616271092913526,152.5,0.33850931677018636,0.3941176470588235,4,6.8291015625,11.3818359375
4,31,2.748893571891069,157.5,0.37267080745341613,0.4052287581699347,3,6.8291015625,11.3818359375
4,32,2.8361600344907854,162.5,0.3747412008281574,0.44183006535947716,3,6.8291015625,11.3818359375
4,33,2.9234264970905017,167.5,0.374223602484472,0.4372549019607843,4,6.8291015625,11.3818359375
4,34,3.0106929596902186,172.5,0.2701863354037267,0.4666666666666667,2,6.8291015625,11.3818359375
4,35,3.097959422289935,177.5,0.37422360248447206,0.38039215686274513,4,6.8291015625,11.3818359375
4,36,3.1852258848896513,182.5,0.37422360248447206,0.3647058823529412,4,6.8291015625,11.3818359375
4,37,3.2724923474893677,187.5,0.2919254658385093,0.4117647058823529,2,6.8291015625,11.3818359375
4,38,3.359758810089084,192.49999999999997,0.3447204968944099,0.3990196078431372,4,6.8291015625,11.3818359375
4,39,3.447025272688801,197.5,0.31055900621118016,0.4235294117647059,3,6.8291015625,11.3818359375
4,40,3.5342917352885173,202.5,0.36853002070393376,0.42483660130718953,3,6.8291015625,11.3818359375
4,41,3.6215581978882336,207.5,0.2919254658385093,0.4725490196078431,4,6.8291015625,11.3818359375
4,42,3.70882466048795,212.5,0.2795031055900621,0.5303921568627451,4,6.8291015625,11.3818359375
4,43,3.796091123087667,217.5,0.35196687370600416,0.522875816993464,3,6.8291015625,11.3818359375
4,44,3.883357585687383,222.5,0.38095238095238093,0.5816993464052288,3,6.8291015625,11.3818359375
4,45,3.9706240482870996,227.5,0.4492753623188405,0.5915032679738562,6,6.8291015625,11.3818359375
4,46,4.057890510886816,232.5,0.5072463768115942,0.5751633986928105,3,6.8291015625,11.3818359375
4,47,4.145156973486532,237.49999999999997,0.5869565217391305,0.6323529411764706,4,6.8291015625,11.3818359375
4,48,4.232423436086249,242.49999999999997,0.59472049689441,0.6431372549019607,4,6.8291015625,11.3818359375
4,49,4.319689898685965,247.49999999999997,0.629399585921325,0.657516339869281,3,6.8291015625,11.3818359375
4,50,4.4069563612856815,252.49999999999997,0.6128364389233955,0.7019607843137255,3,6.8291015625,11.3818359375
4,51,4.494222823885399,257.5,0.6801242236024845,0.7549019607843137,4,6.8291015625,11.3818359375
4,52,4.581489286485115,262.5,0.8136645962732919,0.7862745098039216,2,6.8291015625,11.3818359375
4,53,4.6687557490848315,267.5,0.7111801242236024,0.7990196078431373,4,6.8291015625,11.3818359375
4,54,4.756022211684548,272.5,0.75,0.8205882352941176,4,6.8291015625,11.3818359375
4,55,4.843288674284264,277.5,0.8944099378881988,0.7941176470588236,2,6.8291015625,11.3818359375
4,56,4.930555136883981,282.5,0.7624223602484472,0.830392156862745,4,6.8291015625,11.3818359375
4,57,5.017821599483697,287.5,0.7267080745341614,0.8300653594771242,3,6.8291015625,11.3818359375
4,58,5.105088062083413,292.5,0.772256728778468,0.8653594771241829,3,6.8291015625,11.3818359375
4,59,5.192354524683131,297.5,0.781055900621118,0.8764705882352941,4,6.8291015625,11.3818359375
4,60,5.279620987282847,302.5,0.7531055900621118,0.8137254901960784,4,6.8291015625,11.3818359375
4,61,5.366887449882563,307.5,0.7184265010351968,0.7490196078431373,3,6.8291015625,11.3818359375
4,62,5.45415391248228,312.5,0.650103519668737,0.6993464052287582,3,6.8291015625,11.3818359375
4,63,5.541420375081996,317.5,0.6211180124223602,0.6915032679738561,6,6.8291015625,11.3818359375
4,64,5.6286868376817125,322.5,0.5362318840579711,0.6235294117647059,3,6.8291015625,11.3818359375
4,65,5.715953300281429,327.5,0.4798136645962733,0.5892156862745098,4,6.8291015625,11.3818359375
4,66,5.803219762881145,332.5,0.47670807453416153,0.4872549019607843,4,6.8291015625,11.3818359375
4,67,5.890486225480862,337.5,0.36853002070393376,0.38431372549019605,3,6.8291015625,11.3818359375
4,68,5.977752688080578,342.49999999999994,0.39337474120082816,0.33856209150326794,3,6.8291015625,11.3818359375
4,69,6.065019150680295,347.5,0.3369565217391305,0.2901960784313725,4,6.8291015625,11.3818359375
4,70,6.152285613280012,352.5,0.2360248447204969,0.2901960784313725,2,6.8291015625,11.3818359375
4,71,6.239552075879728,357.5,0.2468944099378882,0.23627450980392156,4,6.8291015625,11.3818359375
5,0,0.04363323129985824,2.5,0.5125,0.4470588235294118,5,6.4599609375,10.7666015625
5,1,0.1308996938995747,7.499999999999999,0.4508928571428572,0.48039215686274506,2,6.4599609375,10.7666015625
5,2,0.21816615649929116,12.499999999999998,0.4620535714285714,0.42156862745098045,4,6.4599609375,10.7666015625
5,3,0.30543261909900765,17.5,0.5535714285714286,0.44313725490196076,2,6.4599609375,10.7666015625
5,4,0.39269908169872414,22.5,0.36309523809523814,0.40915032679738567,3,6.4599609375,10.7666015625
5,5,0.4799655442984406,27.5,0.3794642857142857,0.40490196078431373,4,6.4599609375,10.7666015625
5,6,0.5672320068981571,32.5,0.28125,0.3647058823529412,4,6.4599609375,10.7666015625
5,7,0.6544984694978735,37.49999999999999,0.3005952380952381,0.342483660130719,3,6.4599609375,10.7666015625
5,8,0.7417649320975901,42.5,0.34375,0.3784313725490196,2,6.4599609375,10.7666015625
5,9,0.8290313946973065,47.5,0.34285714285714286,0.32941176470588235,5,6.4599609375,10.7666015625
5,10,0.9162978572970231,52.50000000000001,0.30654761904761907,0.2718954248366013,3,6.4599609375,10.7666015625
5,11,1.0035643198967394,57.5,0.28348214285714285,0.26862745098039215,4,6.4599609375,10.7666015625
5,12,1.090830782496456,62.50000000000001,0.3214285714285714,0.2568627450980392,4,6.4599609375,10.7666015625
5,13,1.1780972450961724,67.5,0.3125,0.24705882352941178,3,6.4599609375,10.7666015625
5,14,1.2653637076958888,72.5,0.4598214285714286,0.28627450980392155,2,6.4599609375,10.7666015625
5,15,1.3526301702956054,77.5,0.3526785714285714,0.26666666666666666,4,6.4599609375,10.7666015625
5,16,1.4398966328953218,82.5,0.25,0.27647058823529413,2,6.4599609375,10.7666015625
5,17,1.5271630954950384,87.5,0.3410714285714286,0.2972549019607843,5,6.4599609375,10.7666015625
5,18,1.6144295580947547,92.5,0.36607142857142855,0.33333333333333337,5,6.4599609375,10.7666015625
5,19,1.7016960206944711,97.49999999999999,0.36607142857142855,0.4274509803921569,2,6.4599609375,10.7666015625
5,20,1.7889624832941877,102.5,0.43973214285714285,0.37745098039215685,4,6.4599609375,10.7666015625
5,21,1.8762289458939043,107.5,0.5491071428571428,0.4294117647058824,2,6.4599609375,10.7666015625
5,22,1.9634954084936207,112.5,0.4464285714285714,0.4522875816993464,3,6.4599609375,10.7666015625
5,23,2.050761871093337,117.5,0.4642857142857143,0.49117647058823527,4,6.4599609375,10.7666015625
5,24,2.1380283336930535,122.49999999999999,0.4776785714285714,0.46372549019607845,4,6.4599609375,10.7666015625
5,25,2.2252947962927703,127.50000000000001,0.4553571428571428,0.5111111111111111,3,6.4599609375,10.7666015625
5,26,2.3125612588924866,132.5,0.4955357142857143,0.5607843137254902,2,6.4599609375,10.7666015625
5,27,2.399827721492203,137.5,0.5017857142857143,0.5670588235294118,5,6.4599609375,10.7666015625
5,28,2.4870941840919194,142.5,0.5386904761904762,0.5607843137254901,3,6.4599609375,10.7666015625
5,29,2.574360646691636,147.49999999999997,0.5334821428571428,0.5245098039215687,4,6.4599609375,10.7666015625
5,30,2.6616271092913526,152.5,0.4754464285714286,0.5941176470588235,4,6.4599609375,10.7666015625
5,31,2.748893571891069,157.5,0.5089285714285715,0.5699346405228759,3,6.4599609375,10.7666015625
5,32,2.8361600344907854,162.5,0.4642857142857143,0.5431372549019609,2,6.4599609375,10.7666015625
5,33,2.9234264970905017,167.5,0.5200892857142857,0.4970588235294118,4,6.4599609375,10.7666015625
5,34,3.0106929596902186,172.5,0.4821428571428571,0.580392156862745,2,6.4599609375,10.7666015625
5,35,3.097959422289935,177.5,0.5,0.4556862745098039,5,6.4599609375,10.7666015625
5,36,3.1852258848896513,182.5,0.48392857142857143,0.4243137254901961,5,6.4599609375,10.7666015625
5,37,3.2724923474893677,187.5,0.2901785714285714,0.4568627450980392,2,6.4599609375,10.7666015625
5,38,3.359758810089084,192.49999999999997,0.47321428571428575,0.4068627450980392,4,6.4599609375,10.7666015625
5,39,3.447025272688801,197.5,0.3839285714285714,0.44509803921568625,2,6.4599609375,10.7666015625
5,40,3.5342917352885173,202.5,0.33928571428571425,0.42091503267973857,3,6.4599609375,10.7666015625
5,41,3.6215581978882336,207.5,0.25669642857142855,0.442156862745098,4,6.4599609375,10.7666015625
5,42,3.70882466048795,212.5,0.3191964285714286,0.4107843137254902,4,6.4599609375,10.7666015625
5,43,3.796091123087667,217.5,0.32142857142857145,0.42614379084967324,3,6.4599609375,10.7666015625
5,44,3.883357585687383,222.5,0.2142857142857143,0.45098039215686275,2,6.4599609375,10.7666015625
5,45,3.9706240482870996,227.5,0.25714285714285723,0.42823529411764705,5,6.4599609375,10.7666015625
5,46,4.057890510886816,232.5,0.4047619047619048,0.40392156862745104,3,6.4599609375,10.7666015625
5,47,4.145156973486532,237.49999999999997,0.3660714285714286,0.388235294117647,4,6.4599609375,10.7666015625
5,48,4.232423436086249,242.49999999999997,0.3928571428571428,0.4441176470588235,4,6.4599609375,10.7666015625
5,49,4.319689898685965,247.49999999999997,0.4702380952380953,0.46013071895424834,3,6.4599609375,10.7666015625
5,50,4.4069563612856815,252.49999999999997,0.34375,0.4980392156862745,2,6.4599609375,10.7666015625
5,51,4.494222823885399,257.5,0.5,0.5264705882352941,4,6.4599609375,10.7666015625
5,52,4.581489286485115,262.5,0.71875,0.6529411764705882,2,6.4599609375,10.7666015625
5,53,4.6687557490848315,267.5,0.5875,0.6274509803921569,5,6.4599609375,10.7666015625
5,54,4.756022211684548,272.5,0.5928571428571429,0.6933333333333332,5,6.4599609375,10.7666015625
5,55,4.843288674284264,277.5,0.7232142857142857,0.8019607843137255,2,6.4599609375,10.7666015625
5,56,4.930555136883981,282.5,0.6272321428571428,0.7715686274509804,4,6.4599609375,10.7666015625
5,57,5.017821599483697,287.5,0.6964285714285714,0.8862745098039215,2,6.4599609375,10.7666015625
5,58,5.105088062083413,292.5,0.7023809523809524,0.8601307189542483,3,6.4599609375,10.7666015625
5,59,5.192354524683131,297.5,0.734375,0.888235294117647,4,6.4599609375,10.7666015625
5,60,5.279620987282847,302.5,0.65625,0.8333333333333334,4,6.4599609375,10.7666015625
5,61,5.366887449882563,307.5,0.6845238095238094,0.7790849673202613,3,6.4599609375,10.7666015625
5,62,5.45415391248228,312.5,0.8169642857142857,0.892156862745098,2,6.4599609375,10.7666015625
5,63,5.541420375081996,317.5,0.8,0.8007843137254902,5,6.4599609375,10.7666015625
5,64,5.6286868376817125,322.5,0.7113095238095237,0.6993464052287582,3,6.4599609375,10.7666015625
5,65,5.715953300281429,327.5,0.6919642857142858,0.6647058823529413,4,6.4599609375,10.7666015625
5,66,5.803219762881145,332.5,0.7745535714285715,0.65,4,6.4599609375,10.7666015625
5,67,5.890486225480862,337.5,0.7142857142857143,0.5843137254901961,3,6.4599609375,10.7666015625
5,68,5.977752688080578,342.49999999999994,0.8883928571428572,0.5333333333333333,2,6.4599609375,10.7666015625
5,69,6.065019150680295,347.5,0.6852678571428572,0.4823529411764706,4,6.4599609375,10.7666015625
5,70,6.152285613280012,352.5,0.6339285714285714,0.5352941176470588,2,6.4599609375,10.7666015625
5,71,6.239552075879728,357.5,0.5803571428571429,0.4580392156862745,5,6.4599609375,10.7666015625
6,0,0.04363323129985824,2.5,0.37945205479452054,0.4305882352941176,5,7.1982421875,11.9970703125
6,1,0.1308996938995747,7.499999999999999,0.46575342465753417,0.4915032679738562,3,7.1982421875,11.9970703125
6,2,0.21816615649929116,12.499999999999998,0.3904109589041096,0.5003921568627451,5,7.1982421875,11.9970703125
6,3,0.30543261909900765,17.5,0.3972602739726028,0.5503267973856208,3,7.1982421875,11.9970703125
6,4,0.39269908169872414,22.5,0.5570776255707762,0.592156862745098,3,7.1982421875,11.9970703125
6,5,0.4799655442984406,27.5,0.45205479452054786,0.5662745098039215,5,7.1982421875,11.9970703125
6,6,0.5672320068981571,32.5,0.4383561643835616,0.5890196078431372,5,7.1982421875,11.9970703125
6,7,0.6544984694978735,37.49999999999999,0.4931506849315068,0.615686274509804,2,7.1982421875,11.9970703125
6,8,0.7417649320975901,42.5,0.3926940639269407,0.5581699346405229,3,7.1982421875,11.9970703125
6,9,0.8290313946973065,47.5,0.4041095890410959,0.515686274509804,6,7.1982421875,11.9970703125
6,10,0.9162978572970231,52.50000000000001,0.4246575342465754,0.4666666666666667,2,7.1982421875,11.9970703125
6,11,1.0035643198967394,57.5,0.3287671232876713,0.3968627450980392,5,7.1982421875,11.9970703125
6,12,1.090830782496456,62.50000000000001,0.3095890410958904,0.36392156862745095,5,7.1982421875,11.9970703125
6,13,1.1780972450961724,67.5,0.2602739726027397,0.33202614379084966,3,7.1982421875,11.9970703125
6,14,1.2653637076958888,72.5,0.273972602739726,0.34640522875817,3,7.1982421875,11.9970703125
6,15,1.3526301702956054,77.5,0.22465753424657536,0.3145098039215687,5,7.1982421875,11.9970703125
6,16,1.4398966328953218,82.5,0.18721461187214614,0.2888888888888889,3,7.1982421875,11.9970703125
6,17,1.5271630954950384,87.5,0.21095890410958903,0.316078431372549,5,7.1982421875,11.9970703125
6,18,1.6144295580947547,92.5,0.20821917808219176,0.32078431372549016,5,7.1982421875,11.9970703125
6,19,1.7016960206944711,97.49999999999999,0.15753424657534246,0.32679738562091504,3,7.1982421875,11.9970703125
6,20,1.7889624832941877,102.5,0.20410958904109586,0.3482352941176471,5,7.1982421875,11.9970703125
6,21,1.8762289458939043,107.5,0.25342465753424653,0.36993464052287583,3,7.1982421875,11.9970703125
6,22,1.9634954084936207,112.5,0.21689497716894976,0.39999999999999997,3,7.1982421875,11.9970703125
6,23,2.050761871093337,117.5,0.2589041095890411,0.40705882352941175,5,7.1982421875,11.9970703125
6,24,2.1380283336930535,122.49999999999999,0.3027397260273973,0.46039215686274504,5,7.1982421875,11.9970703125
6,25,2.2252947962927703,127.50000000000001,0.2945205479452055,0.5274509803921569,2,7.1982421875,11.9970703125
6,26,2.3125612588924866,132.5,0.3584474885844749,0.5555555555555556,3,7.1982421875,11.9970703125
6,27,2.399827721492203,137.5,0.3858447488584475,0.6385620915032679,6,7.1982421875,11.9970703125
6,28,2.4870941840919194,142.5,0.3664383561643836,0.7607843137254902,2,7.1982421875,11.9970703125
6,29,2.574360646691636,147.49999999999997,0.4602739726027398,0.7952941176470588,5,7.1982421875,11.9970703125
6,30,2.6616271092913526,152.5,0.49863013698630143,0.8470588235294118,5,7.1982421875,11.9970703125
6,31,2.748893571891069,157.5,0.595890410958904,0.9372549019607842,3,7.1982421875,11.9970703125
6,32,2.8361600344907854,162.5,0.5707762557077626,0.9320261437908496,3,7.1982421875,11.9970703125
6,33,2.9234264970905017,167.5,0.5931506849315068,0.9372549019607843,5,7.1982421875,11.9970703125
6,34,3.0106929596902186,172.5,0.634703196347032,0.9045751633986928,3,7.1982421875,11.9970703125
6,35,3.097959422289935,177.5,0.6273972602739726,0.8807843137254903,5,7.1982421875,11.9970703125
6,36,3.1852258848896513,182.5,0.6123287671232877,0.8282352941176472,5,7.1982421875,11.9970703125
6,37,3.2724923474893677,187.5,0.3721461187214612,0.6692810457516339,3,7.1982421875,11.9970703125
6,38,3.359758810089084,192.49999999999997,0.4246575342465754,0.7035294117647058,5,7.1982421875,11.9970703125
6,39,3.447025272688801,197.5,0.44977168949771684,0.7294117647058824,3,7.1982421875,11.9970703125
6,40,3.5342917352885173,202.5,0.21004566210045664,0.5856209150326798,3,7.1982421875,11.9970703125
6,41,3.6215581978882336,207.5,0.29863013698630136,0.6266666666666666,5,7.1982421875,11.9970703125
6,42,3.70882466048795,212.5,0.18904109589041096,0.5615686274509805,5,7.1982421875,11.9970703125
6,43,3.796091123087667,217.5,0.136986301369863,0.5196078431372549,2,7.1982421875,11.9970703125
6,44,3.883357585687383,222.5,0.15296803652968036,0.5058823529411764,3,7.1982421875,11.9970703125
6,45,3.9706240482870996,227.5,0.16666666666666666,0.4803921568627451,6,7.1982421875,11.9970703125
6,46,4.057890510886816,232.5,0.2226027397260274,0.4137254901960784,2,7.1982421875,11.9970703125
6,47,4.145156973486532,237.49999999999997,0.25753424657534246,0.4235294117647059,5,7.1982421875,11.9970703125
6,48,4.232423436086249,242.49999999999997,0.29315068493150687,0.40549019607843134,5,7.1982421875,11.9970703125
6,49,4.319689898685965,247.49999999999997,0.3401826484018265,0.396078431372549,3,7.1982421875,11.9970703125
6,50,4.4069563612856815,252.49999999999997,0.2579908675799087,0.38431372549019605,3,7.1982421875,11.9970703125
6,51,4.494222823885399,257.5,0.2986301369863013,0.39294117647058824,5,7.1982421875,11.9970703125
6,52,4.581489286485115,262.5,0.34474885844748854,0.41307189542483663,3,7.1982421875,11.9970703125
6,53,4.6687557490848315,267.5,0.28493150684931506,0.4125490196078432,5,7.1982421875,11.9970703125
6,54,4.756022211684548,272.5,0.28493150684931506,0.4423529411764706,5,7.1982421875,11.9970703125
6,55,4.843288674284264,277.5,0.2899543378995434,0.49411764705882355,3,7.1982421875,11.9970703125
6,56,4.930555136883981,282.5,0.28356164383561644,0.5066666666666666,5,7.1982421875,11.9970703125
6,57,5.017821599483697,287.5,0.2945205479452055,0.5398692810457516,3,7.1982421875,11.9970703125
6,58,5.105088062083413,292.5,0.2671232876712329,0.5647058823529412,3,7.1982421875,11.9970703125
6,59,5.192354524683131,297.5,0.30410958904109586,0.5223529411764706,5,7.1982421875,11.9970703125
6,60,5.279620987282847,302.5,0.3027397260273973,0.5145098039215685,5,7.1982421875,11.9970703125
6,61,5.366887449882563,307.5,0.3013698630136986,0.5647058823529412,2,7.1982421875,11.9970703125
6,62,5.45415391248228,312.5,0.31963470319634707,0.5150326797385621,3,7.1982421875,11.9970703125
6,63,5.541420375081996,317.5,0.35045662100456626,0.5313725490196078,6,7.1982421875,11.9970703125
6,64,5.6286868376817125,322.5,0.40410958904109584,0.584313725490196,2,7.1982421875,11.9970703125
6,65,5.715953300281429,327.5,0.37671232876712335,0.5262745098039215,5,7.1982421875,11.9970703125
6,66,5.803219762881145,332.5,0.34246575342465757,0.49254901960784314,5,7.1982421875,11.9970703125
6,67,5.890486225480862,337.5,0.3721461187214612,0.5241830065359476,3,7.1982421875,11.9970703125
6,68,5.977752688080578,342.49999999999994,0.32648401826484014,0.43137254901960786,3,7.1982421875,11.9970703125
6,69,6.065019150680295,347.5,0.31232876712328766,0.40470588235294114,5,7.1982421875,11.9970703125
6,70,6.152285613280012,352.5,0.34018264840182644,0.4104575163398693,3,7.1982421875,11.9970703125
6,71,6.239552075879728,357.5,0.3547945205479452,0.39294117647058824,5,7.1982421875,11.9970703125
7,0,0.04363323129985824,2.5,0.15292096219931273,0.17647058823529413,3,4.64453125,8.64453125
7,1,0.1308996938995747,7.499999999999999,0.010309278350515464,0.12156862745098039,1,4.64453125,8.64453125
7,2,0.21816615649929116,12.499999999999998,0.1563573883161512,0.203921568627451,3,4.64453125,8.64453125
7,3,0.30543261909900765,17.5,0.06529209621993128,0.15816993464052287,3,4.64453125,8.64453125
7,4,0.39269908169872414,22.5,0.05412371134020618,0.19215686274509802,2,4.64453125,8.64453125
7,5,0.4799655442984406,27.5,0.10996563573883161,0.23006535947712417,3,4.64453125,8.64453125
7,6,0.5672320068981571,32.5,0.09278350515463918,0.26862745098039215,2,4.64453125,8.64453125
7,7,0.6544984694978735,37.49999999999999,0.05412371134020619,0.2274509803921569,2,4.64453125,8.64453125
7,8,0.7417649320975901,42.5,0.20103092783505155,0.3568627450980392,1,4.64453125,8.64453125
7,9,0.8290313946973065,47.5,0.1056701030927835,0.2647058823529412,4,4.64453125,8.64453125
7,10,0.9162978572970231,52.50000000000001,0.061855670103092786,0.25098039215686274,2,4.64453125,8.64453125
7,11,1.0035643198967394,57.5,0.11855670103092783,0.3156862745098039,2,4.64453125,8.64453125
7,12,1.090830782496456,62.50000000000001,0.16151202749140894,0.2954248366013072,3,4.64453125,8.64453125
7,13,1.1780972450961724,67.5,0.06701030927835051,0.27450980392156865,2,4.64453125,8.64453125
7,14,1.2653637076958888,72.5,0.09278350515463918,0.23267973856209148,3,4.64453125,8.64453125
7,15,1.3526301702956054,77.5,0.24054982817869416,0.3673202614379085,3,4.64453125,8.64453125
7,16,1.4398966328953218,82.5,0.0,0.2235294117647059,1,4.64453125,8.64453125
7,17,1.5271630954950384,87.5,0.24914089347079038,0.3673202614379085,3,4.64453125,8.64453125
7,18,1.6144295580947547,92.5,0.28522336769759454,0.3712418300653595,3,4.64453125,8.64453125
7,19,1.7016960206944711,97.49999999999999,0.0,0.23137254901960785,1,4.64453125,8.64453125
7,20,1.7889624832941877,102.5,0.3470790378006872,0.3764705882352941,3,4.64453125,8.64453125
7,21,1.8762289458939043,107.5,0.1529209621993127,0.25359477124183005,3,4.64453125,8.64453125
7,22,1.9634954084936207,112.5,0.23969072164948454,0.32156862745098036,2,4.64453125,8.64453125
7,23,2.050761871093337,117.5,0.3247422680412371,0.342483660130719,3,4.64453125,8.64453125
7,24,2.1380283336930535,122.49999999999999,0.45360824742268047,0.4,2,4.64453125,8.64453125
7,25,2.2252947962927703,127.50000000000001,0.27835051546391754,0.38235294117647056,2,4.64453125,8.64453125
7,26,2.3125612588924866,132.5,0.4845360824742268,0.49411764705882355,1,4.64453125,8.64453125
7,27,2.399827721492203,137.5,0.3530927835051546,0.4284313725490196,4,4.64453125,8.64453125
7,28,2.4870941840919194,142.5,0.36082474226804123,0.4784313725490196,2,4.64453125,8.64453125
7,29,2.574360646691636,147.49999999999997,0.5489690721649485,0.584313725490196,2,4.64453125,8.64453125
7,30,2.6616271092913526,152.5,0.32989690721649484,0.5803921568627451,3,4.64453125,8.64453125
7,31,2.748893571891069,157.5,0.5670103092783505,0.6431372549019607,2,4.64453125,8.64453125
7,32,2.8361600344907854,162.5,0.29381443298969073,0.5294117647058824,3,4.64453125,8.64453125
7,33,2.9234264970905017,167.5,0.5807560137457045,0.823529411764706,3,4.64453125,8.64453125
7,34,3.0106929596902186,172.5,0.34536082474226804,0.7058823529411765,1,4.64453125,8.64453125
7,35,3.097959422289935,177.5,0.6305841924398625,0.8771241830065359,3,4.64453125,8.64453125
7,36,3.1852258848896513,182.5,0.6615120274914089,0.9281045751633986,3,4.64453125,8.64453125
7,37,3.2724923474893677,187.5,0.41237113402061853,0.7647058823529411,1,4.64453125,8.64453125
7,38,3.359758810089084,192.49999999999997,0.690721649484536,0.9633986928104575,3,4.64453125,8.64453125
7,39,3.447025272688801,197.5,0.42439862542955326,0.6692810457516339,3,4.64453125,8.64453125
7,40,3.5342917352885173,202.5,0.884020618556701,0.888235294117647,2,4.64453125,8.64453125
7,41,3.6215581978882336,207.5,0.4759450171821305,0.8091503267973857,3,4.64453125,8.64453125
7,42,3.70882466048795,212.5,0.6907216494845361,0.8862745098039215,2,4.64453125,8.64453125
7,43,3.796091123087667,217.5,0.5902061855670102,0.7745098039215685,2,4.64453125,8.64453125
7,44,3.883357585687383,222.5,0.26288659793814434,0.7215686274509804,1,4.64453125,8.64453125
7,45,3.9706240482870996,227.5,0.3865979381443299,0.557843137254902,4,4.64453125,8.64453125
7,46,4.057890510886816,232.5,0.4819587628865979,0.5941176470588235,2,4.64453125,8.64453125
7,47,4.145156973486532,237.49999999999997,0.4097938144329897,0.5156862745098039,2,4.64453125,8.64453125
7,48,4.232423436086249,242.49999999999997,0.23367697594501716,0.3490196078431373,3,4.64453125,8.64453125
7,49,4.319689898685965,247.49999999999997,0.40463917525773196,0.38235294117647056,2,4.64453125,8.64453125
7,50,4.4069563612856815,252.49999999999997,0.20274914089347082,0.2431372549019608,3,4.64453125,8.64453125
7,51,4.494222823885399,257.5,0.19931271477663234,0.27320261437908494,3,4.64453125,8.64453125
7,52,4.581489286485115,262.5,0.22164948453608246,0.25882352941176473,1,4.64453125,8.64453125
7,53,4.6687557490848315,267.5,0.18041237113402064,0.2627450980392157,3,4.64453125,8.64453125
7,54,4.756022211684548,272.5,0.18213058419243988,0.2679738562091503,3,4.64453125,8.64453125
7,55,4.843288674284264,277.5,0.17525773195876287,0.2235294117647059,1,4.64453125,8.64453125
7,56,4.930555136883981,282.5,0.19415807560137457,0.2901960784313726,3,4.64453125,8.64453125
7,57,5.017821599483697,287.5,0.1529209621993127,0.20915032679738563,3,4.64453125,8.64453125
7,58,5.105088062083413,292.5,0.19329896907216493,0.2372549019607843,2,4.64453125,8.64453125
7,59,5.192354524683131,297.5,0.17697594501718214,0.2771241830065359,3,4.64453125,8.64453125
7,60,5.279620987282847,302.5,0.18814432989690721,0.28823529411764703,2,4.64453125,8.64453125
7,61,5.366887449882563,307.5,0.17010309278350516,0.2196078431372549,2,4.64453125,8.64453125
7,62,5.45415391248228,312.5,0.16494845360824742,0.3764705882352941,1,4.64453125,8.64453125
7,63,5.541420375081996,317.5,0.1481958762886598,0.23921568627450981,4,4.64453125,8.64453125
7,64,5.6286868376817125,322.5,0.14432989690721648,0.19411764705882353,2,4.64453125,8.64453125
7,65,5.715953300281429,327.5,0.17010309278350516,0.23333333333333334,2,4.64453125,8.64453125
7,66,5.803219762881145,332.5,0.15463917525773196,0.20000000000000004,3,4.64453125,8.64453125
7,67,5.890486225480862,337.5,0.0979381443298969,0.15294117647058825,2,4.64453125,8.64453125
7,68,5.977752688080578,342.49999999999994,0.08419243986254295,0.134640522875817,3,4.64453125,8.64453125
7,69,6.065019150680295,347.5,0.1529209621993127,0.1725490196078431,3,4.64453125,8.64453125
7,70,6.152285613280012,352.5,0.015463917525773196,0.11764705882352941,1,4.64453125,8.64453125
7,71,6.239552075879728,357.5,0.1512027491408935,0.16339869281045752,3,4.64453125,8.64453125
8,0,0.04363323129985824,2.5,0.17819706498951782,0.12810457516339868,3,5.13671875,9.13671875
8,1,0.1308996938995747,7.499999999999999,0.0,0.07450980392156863,1,5.13671875,9.13671875
8,2,0.21816615649929116,12.499999999999998,0.15932914046121593,0.13202614379084968,3,5.13671875,9.13671875
8,3,0.30543261909900765,17.5,0.11740041928721175,0.12941176470588234,3,5.13671875,9.13671875
8,4,0.39269908169872414,22.5,0.0440251572327044,0.10784313725490197,2,5.13671875,9.13671875
8,5,0.4799655442984406,27.5,0.09014675052410902,0.12810457516339868,3,5.13671875,9.13671875
8,6,0.5672320068981571,32.5,0.1090146750524109,0.1607843137254902,3,5.13671875,9.13671875
8,7,0.6544984694978735,37.49999999999999,0.05345911949685535,0.13725490196078433,2,5.13671875,9.13671875
8,8,0.7417649320975901,42.5,0.18238993710691823,0.21176470588235294,1,5.13671875,9.13671875
8,9,0.8290313946973065,47.5,0.14465408805031446,0.21045751633986928,3,5.13671875,9.13671875
8,10,0.9162978572970231,52.50000000000001,0.06918238993710692,0.1764705882352941,2,5.13671875,9.13671875
8,11,1.0035643198967394,57.5,0.20335429769392033,0.28104575163398693,3,5.13671875,9.13671875
8,12,1.090830782496456,62.50000000000001,0.18448637316561844,0.26666666666666666,3,5.13671875,9.13671875
8,13,1.1780972450961724,67.5,0.08490566037735849,0.2549019607843137,2,5.13671875,9.13671875
8,14,1.2653637076958888,72.5,0.27672955974842767,0.3647058823529412,3,5.13671875,9.13671875
8,15,1.3526301702956054,77.5,0.3228511530398323,0.4222222222222222,3,5.13671875,9.13671875
8,16,1.4398966328953218,82.5,0.0,0.2196078431372549,1,5.13671875,9.13671875
8,17,1.5271630954950384,87.5,0.350104821802935,0.4470588235294118,3,5.13671875,9.13671875
8,18,1.6144295580947547,92.5,0.42767295597484273,0.46535947712418296,3,5.13671875,9.13671875
8,19,1.7016960206944711,97.49999999999999,0.0,0.23921568627450981,1,5.13671875,9.13671875
8,20,1.7889624832941877,102.5,0.5366876310272537,0.4797385620915033,3,5.13671875,9.13671875
8,21,1.8762289458939043,107.5,0.49685534591194963,0.44313725490196076,3,5.13671875,9.13671875
8,22,1.9634954084936207,112.5,0.31761006289308175,0.36274509803921573,2,5.13671875,9.13671875
8,23,2.050761871093337,117.5,0.4716981132075471,0.3856209150326797,3,5.13671875,9.13671875
8,24,2.1380283336930535,122.49999999999999,0.631027253668763,0.46928104575163393,3,5.13671875,9.13671875
8,25,2.2252947962927703,127.50000000000001,0.36477987421383645,0.3666666666666667,2,5.13671875,9.13671875
8,26,2.3125612588924866,132.5,0.6540880503144654,0.5333333333333333,1,5.13671875,9.13671875
8,27,2.399827721492203,137.5,0.6289308176100629,0.4915032679738562,3,5.13671875,9.13671875
8,28,2.4870941840919194,142.5,0.4937106918238994,0.40784313725490196,2,5.13671875,9.13671875
8,29,2.574360646691636,147.49999999999997,0.7337526205450734,0.5686274509803921,3,5.13671875,9.13671875
8,30,2.6616271092913526,152.5,0.47798742138364786,0.5032679738562091,3,5.13671875,9.13671875
8,31,2.748893571891069,157.5,0.7232704402515724,0.5254901960784313,2,5.13671875,9.13671875
8,32,2.8361600344907854,162.5,0.610062893081761,0.6522875816993464,3,5.13671875,9.13671875
8,33,2.9234264970905017,167.5,0.7358490566037735,0.7542483660130719,3,5.13671875,9.13671875
8,34,3.0106929596902186,172.5,0.41509433962264153,0.4980392156862745,1,5.13671875,9.13671875
8,35,3.097959422289935,177.5,0.7568134171907758,0.8091503267973857,3,5.13671875,9.13671875
8,36,3.1852258848896513,182.5,0.8155136268343816,0.8718954248366013,3,5.13671875,9.13671875
8,37,3.2724923474893677,187.5,0.44025157232704404,0.5647058823529412,1,5.13671875,9.13671875
8,38,3.359758810089084,192.49999999999997,0.8280922431865828,0.9281045751633986,3,5.13671875,9.13671875
8,39,3.447025272688801,197.5,0.6540880503144654,0.85359477124183,3,5.13671875,9.13671875
8,40,3.5342917352885173,202.5,0.7987421383647799,0.8196078431372549,2,5.13671875,9.13671875
8,41,3.6215581978882336,207.5,0.5283018867924528,0.74640522875817,3,5.13671875,9.13671875
8,42,3.70882466048795,212.5,0.710691823899371,0.8836601307189542,3,5.13671875,9.13671875
8,43,3.796091123087667,217.5,0.6320754716981132,0.7254901960784313,2,5.13671875,9.13671875
8,44,3.883357585687383,222.5,0.48427672955974843,0.7764705882352941,1,5.13671875,9.13671875
8,45,3.9706240482870996,227.5,0.5681341719077568,0.6836601307189544,3,5.13671875,9.13671875
8,46,4.057890510886816,232.5,0.5628930817610063,0.5705882352941176,2,5.13671875,9.13671875
8,47,4.145156973486532,237.49999999999997,0.45911949685534587,0.49150326797385624,3,5.13671875,9.13671875
8,48,4.232423436086249,242.49999999999997,0.3522012578616352,0.3424836601307189,3,5.13671875,9.13671875
8,49,4.319689898685965,247.49999999999997,0.5660377358490566,0.37254901960784315,2,5.13671875,9.13671875
8,50,4.4069563612856815,252.49999999999997,0.22222222222222224,0.26405228758169935,3,5.13671875,9.13671875
8,51,4.494222823885399,257.5,0.34591194968553457,0.2627450980392157,3,5.13671875,9.13671875
8,52,4.581489286485115,262.5,0.2389937106918239,0.18823529411764706,1,5.13671875,9.13671875
8,53,4.6687557490848315,267.5,0.29979035639413,0.2352941176470588,3,5.13671875,9.13671875
8,54,4.756022211684548,272.5,0.24737945492662472,0.22483660130718955,3,5.13671875,9.13671875
8,55,4.843288674284264,277.5,0.20125786163522014,0.1450980392156863,1,5.13671875,9.13671875
8,56,4.930555136883981,282.5,0.19916142557651992,0.23267973856209148,3,5.13671875,9.13671875
8,57,5.017821599483697,287.5,0.14465408805031446,0.2261437908496732,3,5.13671875,9.13671875
8,58,5.105088062083413,292.5,0.17924528301886794,0.16862745098039217,2,5.13671875,9.13671875
8,59,5.192354524683131,297.5,0.16561844863731656,0.19999999999999998,3,5.13671875,9.13671875
8,60,5.279620987282847,302.5,0.1509433962264151,0.24705882352941178,3,5.13671875,9.13671875
8,61,5.366887449882563,307.5,0.1446540880503145,0.13529411764705881,2,5.13671875,9.13671875
8,62,5.45415391248228,312.5,0.14465408805031446,0.28627450980392155,1,5.13671875,9.13671875
8,63,5.541420375081996,317.5,0.13626834381551364,0.20261437908496735,3,5.13671875,9.13671875
8,64,5.6286868376817125,322.5,0.12264150943396226,0.11960784313725491,2,5.13671875,9.13671875
8,65,5.715953300281429,327.5,0.14255765199161427,0.19477124183006536,3,5.13671875,9.13671875
8,66,5.803219762881145,332.5,0.14465408805031446,0.14901960784313725,3,5.13671875,9.13671875
8,67,5.890486225480862,337.5,0.11949685534591195,0.10784313725490197,2,5.13671875,9.13671875
8,68,5.977752688080578,342.49999999999994,0.1488469601677149,0.1607843137254902,3,5.13671875,9.13671875
8,69,6.065019150680295,347.5,0.18029350104821806,0.14901960784313725,3,5.13671875,9.13671875
8,70,6.152285613280012,352.5,0.006289308176100629,0.07450980392156863,1,5.13671875,9.13671875
8,71,6.239552075879728,357.5,0.18029350104821804,0.13333333333333333,3,5.13671875,9.13671875
9,0,0.04363323129985824,2.5,0.10454545454545454,0.08823529411764705,4,5.62890625,9.62890625
9,1,0.1308996938995747,7.499999999999999,0.1318181818181818,0.17647058823529413,1,5.62890625,9.62890625
9,2,0.21816615649929116,12.499999999999998,0.09696969696969697,0.08104575163398693,3,5.62890625,9.62890625
9,3,0.30543261909900765,17.5,0.08787878787878788,0.09411764705882353,3,5.62890625,9.62890625
9,4,0.39269908169872414,22.5,0.07878787878787878,0.09673202614379085,3,5.62890625,9.62890625
9,5,0.4799655442984406,27.5,0.14393939393939395,0.14379084967320263,3,5.62890625,9.62890625
9,6,0.5672320068981571,32.5,0.1196969696969697,0.11633986928104574,3,5.62890625,9.62890625
9,7,0.6544984694978735,37.49999999999999,0.10303030303030303,0.1084967320261438,3,5.62890625,9.62890625
9,8,0.7417649320975901,42.5,0.18636363636363637,0.1607843137254902,1,5.62890625,9.62890625
9,9,0.8290313946973065,47.5,0.12613636363636366,0.14411764705882352,4,5.62890625,9.62890625
9,10,0.9162978572970231,52.50000000000001,0.0909090909090909,0.12679738562091503,3,5.62890625,9.62890625
9,11,1.0035643198967394,57.5,0.09999999999999999,0.16601307189542483,3,5.62890625,9.62890625
9,12,1.090830782496456,62.50000000000001,0.13030303030303028,0.2169934640522876,3,5.62890625,9.62890625
9,13,1.1780972450961724,67.5,0.0893939393939394,0.17908496732026147,3,5.62890625,9.62890625
9,14,1.2653637076958888,72.5,0.09696969696969697,0.22222222222222224,3,5.62890625,9.62890625
9,15,1.3526301702956054,77.5,0.1196969696969697,0.26143790849673204,3,5.62890625,9.62890625
9,16,1.4398966328953218,82.5,0.22727272727272727,0.4117647058823529,1,5.62890625,9.62890625
9,17,1.5271630954950384,87.5,0.1681818181818182,0.31862745098039214,4,5.62890625,9.62890625
9,18,1.6144295580947547,92.5,0.19886363636363635,0.3362745098039216,4,5.62890625,9.62890625
9,19,1.7016960206944711,97.49999999999999,0.37272727272727274,0.48627450980392156,1,5.62890625,9.62890625
9,20,1.7889624832941877,102.5,0.19545454545454546,0.3084967320261438,3,5.62890625,9.62890625
9,21,1.8762289458939043,107.5,0.2015151515151515,0.2901960784313726,3,5.62890625,9.62890625
9,22,1.9634954084936207,112.5,0.20606060606060606,0.269281045751634,3,5.62890625,9.62890625
9,23,2.050761871093337,117.5,0.3,0.3633986928104575,3,5.62890625,9.62890625
9,24,2.1380283336930535,122.49999999999999,0.2833333333333333,0.30457516339869284,3,5.62890625,9.62890625
9,25,2.2252947962927703,127.50000000000001,0.22575757575757574,0.2797385620915032,3,5.62890625,9.62890625
9,26,2.3125612588924866,132.5,0.41818181818181815,0.3803921568627451,1,5.62890625,9.62890625
9,27,2.399827721492203,137.5,0.36704545454545456,0.36470588235294116,4,5.62890625,9.62890625
9,28,2.4870941840919194,142.5,0.2833333333333334,0.35032679738562095,3,5.62890625,9.62890625
9,29,2.574360646691636,147.49999999999997,0.40757575757575754,0.4366013071895425,3,5.62890625,9.62890625
9,30,2.6616271092913526,152.5,0.48484848484848486,0.5633986928104575,3,5.62890625,9.62890625
9,31,2.748893571891069,157.5,0.4454545454545455,0.5032679738562091,3,5.62890625,9.62890625
9,32,2.8361600344907854,162.5,0.5545454545454546,0.5699346405228759,3,5.62890625,9.62890625
9,33,2.9234264970905017,167.5,0.7257575757575757,0.6901960784313724,3,5.62890625,9.62890625
9,34,3.0106929596902186,172.5,0.6090909090909091,0.9529411764705882,1,5.62890625,9.62890625
9,35,3.097959422289935,177.5,0.7363636363636363,0.8245098039215686,4,5.62890625,9.62890625
9,36,3.1852258848896513,182.5,0.7193181818181817,0.888235294117647,4,5.62890625,9.62890625
9,37,3.2724923474893677,187.5,0.4636363636363636,0.9490196078431372,1,5.62890625,9.62890625
9,38,3.359758810089084,192.49999999999997,0.7484848484848484,0.9111111111111111,3,5.62890625,9.62890625
9,39,3.447025272688801,197.5,0.4984848484848485,0.8222222222222223,3,5.62890625,9.62890625
9,40,3.5342917352885173,202.5,0.6303030303030303,0.811764705882353,3,5.62890625,9.62890625
9,41,3.6215581978882336,207.5,0.45303030303030306,0.8431372549019608,3,5.62890625,9.62890625
9,42,3.70882466048795,212.5,0.5424242424242425,0.8509803921568627,3,5.62890625,9.62890625
9,43,3.796091123087667,217.5,0.48181818181818176,0.7098039215686275,3,5.62890625,9.62890625
9,44,3.883357585687383,222.5,0.38181818181818183,0.7490196078431373,1,5.62890625,9.62890625
9,45,3.9706240482870996,227.5,0.4363636363636364,0.6460784313725491,4,5.62890625,9.62890625
9,46,4.057890510886816,232.5,0.4136363636363636,0.5294117647058824,3,5.62890625,9.62890625
9,47,4.145156973486532,237.49999999999997,0.4151515151515151,0.4980392156862745,3,5.62890625,9.62890625
9,48,4.232423436086249,242.49999999999997,0.2833333333333333,0.35555555555555557,3,5.62890625,9.62890625
9,49,4.319689898685965,247.49999999999997,0.3833333333333333,0.36209150326797385,3,5.62890625,9.62890625
9,50,4.4069563612856815,252.49999999999997,0.1984848484848485,0.27320261437908494,3,5.62890625,9.62890625
9,51,4.494222823885399,257.5,0.2924242424242424,0.27320261437908494,3,5.62890625,9.62890625
9,52,4.581489286485115,262.5,0.1318181818181818,0.13333333333333333,1,5.62890625,9.62890625
9,53,4.6687557490848315,267.5,0.225,0.2284313725490196,4,5.62890625,9.62890625
9,54,4.756022211684548,272.5,0.19886363636363635,0.23137254901960785,4,5.62890625,9.62890625
9,55,4.843288674284264,277.5,0.10909090909090909,0.18823529411764706,1,5.62890625,9.62890625
9,56,4.930555136883981,282.5,0.19242424242424241,0.2718954248366013,3,5.62890625,9.62890625
9,57,5.017821599483697,287.5,0.12272727272727273,0.265359477124183,3,5.62890625,9.62890625
9,58,5.105088062083413,292.5,0.13939393939393938,0.2679738562091503,3,5.62890625,9.62890625
9,59,5.192354524683131,297.5,0.13787878787878788,0.3359477124183006,3,5.62890625,9.62890625
9,60,5.279620987282847,302.5,0.1106060606060606,0.2928104575163399,3,5.62890625,9.62890625
9,61,5.366887449882563,307.5,0.09999999999999999,0.22614379084967318,3,5.62890625,9.62890625
9,62,5.45415391248228,312.5,0.06818181818181818,0.3176470588235294,1,5.62890625,9.62890625
9,63,5.541420375081996,317.5,0.08522727272727273,0.2196078431372549,4,5.62890625,9.62890625
9,64,5.6286868376817125,322.5,0.07878787878787878,0.13856209150326798,3,5.62890625,9.62890625
9,65,5.715953300281429,327.5,0.0803030303030303,0.13202614379084968,3,5.62890625,9.62890625
9,66,5.803219762881145,332.5,0.10303030303030303,0.12679738562091503,3,5.62890625,9.62890625
9,67,5.890486225480862,337.5,0.05909090909090908,0.0784313725490196,3,5.62890625,9.62890625
9,68,5.977752688080578,342.49999999999994,0.07121212121212121,0.07450980392156863,3,5.62890625,9.62890625
9,69,6.065019150680295,347.5,0.08333333333333333,0.06666666666666667,3,5.62890625,9.62890625
9,70,6.152285613280012,352.5,0.10454545454545454,0.12156862745098039,1,5.62890625,9.62890625
9,71,6.239552075879728,357.5,0.09659090909090907,0.0784313725490196,4,5.62890625,9.62890625
10,0,0.04363323129985824,2.5,0.14181818181818182,0.09490196078431372,5,7.5673828125,12.6123046875
10,1,0.1308996938995747,7.499999999999999,0.1568181818181818,0.11764705882352941,4,7.5673828125,12.6123046875
10,2,0.21816615649929116,12.499999999999998,0.15636363636363634,0.12470588235294118,5,7.5673828125,12.6123046875
10,3,0.30543261909900765,17.5,0.1659090909090909,0.1450980392156863,4,7.5673828125,12.6123046875
10,4,0.39269908169872414,22.5,0.19090909090909092,0.17941176470588235,4,7.5673828125,12.6123046875
10,5,0.4799655442984406,27.5,0.2,0.18137254901960786,4,7.5673828125,12.6123046875
10,6,0.5672320068981571,32.5,0.2318181818181818,0.18627450980392157,6,7.5673828125,12.6123046875
10,7,0.6544984694978735,37.49999999999999,0.2878787878787879,0.19346405228758168,3,7.5673828125,12.6123046875
10,8,0.7417649320975901,42.5,0.2727272727272727,0.19477124183006536,3,7.5673828125,12.6123046875
10,9,0.8290313946973065,47.5,0.2844155844155844,0.19215686274509805,7,7.5673828125,12.6123046875
10,10,0.9162978572970231,52.50000000000001,0.32727272727272727,0.19607843137254902,3,7.5673828125,12.6123046875
10,11,1.0035643198967394,57.5,0.2818181818181818,0.19673202614379084,6,7.5673828125,12.6123046875
10,12,1.090830782496456,62.50000000000001,0.3022727272727273,0.22843137254901963,4,7.5673828125,12.6123046875
10,13,1.1780972450961724,67.5,0.3477272727272727,0.23627450980392156,4,7.5673828125,12.6123046875
10,14,1.2653637076958888,72.5,0.33181818181818185,0.24803921568627454,4,7.5673828125,12.6123046875
10,15,1.3526301702956054,77.5,0.3490909090909091,0.28941176470588237,5,7.5673828125,12.6123046875
10,16,1.4398966328953218,82.5,0.40454545454545454,0.3186274509803922,4,7.5673828125,12.6123046875
10,17,1.5271630954950384,87.5,0.4,0.35137254901960785,5,7.5673828125,12.6123046875
10,18,1.6144295580947547,92.5,0.42181818181818187,0.3780392156862745,5,7.5673828125,12.6123046875
10,19,1.7016960206944711,97.49999999999999,0.4727272727272727,0.4127450980392157,4,7.5673828125,12.6123046875
10,20,1.7889624832941877,102.5,0.46909090909090906,0.4015686274509804,5,7.5673828125,12.6123046875
10,21,1.8762289458939043,107.5,0.4318181818181818,0.39215686274509803,4,7.5673828125,12.6123046875
10,22,1.9634954084936207,112.5,0.5704545454545455,0.46078431372549017,4,7.5673828125,12.6123046875
10,23,2.050761871093337,117.5,0.6159090909090909,0.4441176470588235,4,7.5673828125,12.6123046875
10,24,2.1380283336930535,122.49999999999999,0.6378787878787879,0.442483660130719,6,7.5673828125,12.6123046875
10,25,2.2252947962927703,127.50000000000001,0.7727272727272726,0.49150326797385624,3,7.5673828125,12.6123046875
10,26,2.3125612588924866,132.5,0.7727272727272728,0.45098039215686275,3,7.5673828125,12.6123046875
10,27,2.399827721492203,137.5,0.7363636363636363,0.45098039215686264,7,7.5673828125,12.6123046875
10,28,2.4870941840919194,142.5,0.8030303030303031,0.5424836601307189,3,7.5673828125,12.6123046875
10,29,2.574360646691636,147.49999999999997,0.7484848484848485,0.534640522875817,6,7.5673828125,12.6123046875
10,30,2.6616271092913526,152.5,0.825,0.6019607843137255,4,7.5673828125,12.6123046875
10,31,2.748893571891069,157.5,0.8590909090909091,0.7264705882352941,4,7.5673828125,12.6123046875
10,32,2.8361600344907854,162.5,0.8022727272727272,0.7166666666666667,4,7.5673828125,12.6123046875
10,33,2.9234264970905017,167.5,0.7563636363636363,0.7937254901960785,5,7.5673828125,12.6123046875
10,34,3.0106929596902186,172.5,0.7954545454545454,0.8735294117647059,4,7.5673828125,12.6123046875
10,35,3.097959422289935,177.5,0.7636363636363636,0.8337254901960784,5,7.5673828125,12.6123046875
10,36,3.1852258848896513,182.5,0.7472727272727273,0.7850980392156863,5,7.5673828125,12.6123046875
10,37,3.2724923474893677,187.5,0.7454545454545455,0.6558823529411765,4,7.5673828125,12.6123046875
10,38,3.359758810089084,192.49999999999997,0.7345454545454546,0.6705882352941176,5,7.5673828125,12.6123046875
10,39,3.447025272688801,197.5,0.6795454545454546,0.5745098039215686,4,7.5673828125,12.6123046875
10,40,3.5342917352885173,202.5,0.6909090909090909,0.4588235294117647,4,7.5673828125,12.6123046875
10,41,3.6215581978882336,207.5,0.6772727272727272,0.5205882352941177,4,7.5673828125,12.6123046875
10,42,3.70882466048795,212.5,0.5757575757575757,0.4686274509803921,6,7.5673828125,12.6123046875
10,43,3.796091123087667,217.5,0.5181818181818182,0.4143790849673203,3,7.5673828125,12.6123046875
10,44,3.883357585687383,222.5,0.5515151515151516,0.4836601307189543,3,7.5673828125,12.6123046875
10,45,3.9706240482870996,227.5,0.44805194805194803,0.44257703081232486,7,7.5673828125,12.6123046875
10,46,4.057890510886816,232.5,0.3212121212121212,0.34379084967320256,3,7.5673828125,12.6123046875
10,47,4.145156973486532,237.49999999999997,0.31969696969696965,0.34771241830065364,6,7.5673828125,12.6123046875
10,48,4.232423436086249,242.49999999999997,0.27954545454545454,0.3058823529411765,4,7.5673828125,12.6123046875
10,49,4.319689898685965,247.49999999999997,0.22045454545454546,0.2519607843137255,4,7.5673828125,12.6123046875
10,50,4.4069563612856815,252.49999999999997,0.30454545454545456,0.25980392156862747,4,7.5673828125,12.6123046875
10,51,4.494222823885399,257.5,0.31636363636363635,0.2431372549019608,5,7.5673828125,12.6123046875
10,52,4.581489286485115,262.5,0.2068181818181818,0.18137254901960784,4,7.5673828125,12.6123046875
10,53,4.6687557490848315,267.5,0.2309090909090909,0.19058823529411764,5,7.5673828125,12.6123046875
10,54,4.756022211684548,272.5,0.23272727272727273,0.19372549019607843,5,7.5673828125,12.6123046875
10,55,4.843288674284264,277.5,0.24772727272727274,0.18333333333333335,4,7.5673828125,12.6123046875
10,56,4.930555136883981,282.5,0.3181818181818182,0.2627450980392157,5,7.5673828125,12.6123046875
10,57,5.017821599483697,287.5,0.2954545454545454,0.27647058823529413,4,7.5673828125,12.6123046875
10,58,5.105088062083413,292.5,0.2545454545454545,0.2656862745098039,4,7.5673828125,12.6123046875
10,59,5.192354524683131,297.5,0.24545454545454543,0.31666666666666665,4,7.5673828125,12.6123046875
10,60,5.279620987282847,302.5,0.2545454545454546,0.2895424836601307,6,7.5673828125,12.6123046875
10,61,5.366887449882563,307.5,0.21515151515151518,0.2797385620915033,3,7.5673828125,12.6123046875
10,62,5.45415391248228,312.5,0.20303030303030303,0.3006535947712418,3,7.5673828125,12.6123046875
10,63,5.541420375081996,317.5,0.21948051948051947,0.24761904761904763,7,7.5673828125,12.6123046875
10,64,5.6286868376817125,322.5,0.1787878787878788,0.21045751633986928,3,7.5673828125,12.6123046875
10,65,5.715953300281429,327.5,0.19242424242424241,0.17777777777777778,6,7.5673828125,12.6123046875
10,66,5.803219762881145,332.5,0.1659090909090909,0.14901960784313725,4,7.5673828125,12.6123046875
10,67,5.890486225480862,337.5,0.1568181818181818,0.12941176470588237,4,7.5673828125,12.6123046875
10,68,5.977752688080578,342.49999999999994,0.18636363636363634,0.10196078431372549,4,7.5673828125,12.6123046875
10,69,6.065019150680295,347.5,0.18,0.08941176470588236,5,7.5673828125,12.6123046875
10,70,6.152285613280012,352.5,0.16818181818181818,0.08823529411764706,4,7.5673828125,12.6123046875
10,71,6.239552075879728,357.5,0.1509090909090909,0.08549019607843136,5,7.5673828125,12.6123046875
11,0,0.04363323129985824,2.5,0.09116022099447514,0.0784313725490196,4,5.62890625,9.62890625
11,1,0.1308996938995747,7.499999999999999,0.09944751381215469,0.10588235294117647,1,5.62890625,9.62890625
11,2,0.21816615649929116,12.499999999999998,0.09023941068139962,0.0849673202614379,3,5.62890625,9.62890625
11,3,0.30543261909900765,17.5,0.0570902394106814,0.09019607843137255,3,5.62890625,9.62890625
11,4,0.39269908169872414,22.5,0.046040515653775316,0.09281045751633987,3,5.62890625,9.62890625
11,5,0.4799655442984406,27.5,0.0865561694290976,0.11503267973856209,3,5.62890625,9.62890625
11,6,0.5672320068981571,32.5,0.05156537753222836,0.10718954248366012,3,5.62890625,9.62890625
11,7,0.6544984694978735,37.49999999999999,0.06261510128913443,0.1019607843137255,3,5.62890625,9.62890625
11,8,0.7417649320975901,42.5,0.06077348066298342,0.12156862745098039,1,5.62890625,9.62890625
11,9,0.8290313946973065,47.5,0.06906077348066297,0.11372549019607842,4,5.62890625,9.62890625
11,10,0.9162978572970231,52.50000000000001,0.08103130755064457,0.1084967320261438,3,5.62890625,9.62890625
11,11,1.0035643198967394,57.5,0.07734806629834255,0.11764705882352942,3,5.62890625,9.62890625
11,12,1.090830782496456,62.50000000000001,0.13812154696132597,0.1372549019607843,3,5.62890625,9.62890625
11,13,1.1780972450961724,67.5,0.0994475138121547,0.12549019607843137,3,5.62890625,9.62890625
11,14,1.2653637076958888,72.5,0.10681399631675875,0.1372549019607843,3,5.62890625,9.62890625
11,15,1.3526301702956054,77.5,0.13075506445672191,0.14901960784313725,3,5.62890625,9.62890625
11,16,1.4398966328953218,82.5,0.23756906077348067,0.23529411764705882,1,5.62890625,9.62890625
11,17,1.5271630954950384,87.5,0.16160220994475138,0.18529411764705883,4,5.62890625,9.62890625
11,18,1.6144295580947547,92.5,0.18093922651933703,0.20294117647058824,4,5.62890625,9.62890625
11,19,1.7016960206944711,97.49999999999999,0.2430939226519337,0.33725490196078434,1,5.62890625,9.62890625
11,20,1.7889624832941877,102.5,0.20441988950276244,0.1934640522875817,3,5.62890625,9.62890625
11,21,1.8762289458939043,107.5,0.1988950276243094,0.20915032679738563,3,5.62890625,9.62890625
11,22,1.9634954084936207,112.5,0.1860036832412523,0.21830065359477124,3,5.62890625,9.62890625
11,23,2.050761871093337,117.5,0.29465930018416203,0.2928104575163399,3,5.62890625,9.62890625
11,24,2.1380283336930535,122.49999999999999,0.29097605893186,0.24705882352941178,3,5.62890625,9.62890625
11,25,2.2252947962927703,127.50000000000001,0.23756906077348064,0.2522875816993464,3,5.62890625,9.62890625
11,26,2.3125612588924866,132.5,0.4861878453038674,0.3254901960784314,1,5.62890625,9.62890625
11,27,2.399827721492203,137.5,0.44475138121546964,0.31470588235294117,4,5.62890625,9.62890625
11,28,2.4870941840919194,142.5,0.3720073664825046,0.3032679738562091,3,5.62890625,9.62890625
11,29,2.574360646691636,147.49999999999997,0.5138121546961326,0.35294117647058826,3,5.62890625,9.62890625
11,30,2.6616271092913526,152.5,0.6979742173112339,0.4758169934640522,3,5.62890625,9.62890625
11,31,2.748893571891069,157.5,0.5174953959484346,0.4052287581699347,3,5.62890625,9.62890625
11,32,2.8361600344907854,162.5,0.5985267034990792,0.4679738562091503,3,5.62890625,9.62890625
11,33,2.9234264970905017,167.5,0.6777163904235728,0.5503267973856208,3,5.62890625,9.62890625
11,34,3.0106929596902186,172.5,0.7734806629834254,0.8862745098039215,1,5.62890625,9.62890625
11,35,3.097959422289935,177.5,0.6919889502762431,0.676470588235294,4,5.62890625,9.62890625
11,36,3.1852258848896513,182.5,0.628453038674033,0.707843137254902,4,5.62890625,9.62890625
11,37,3.2724923474893677,187.5,0.48066298342541436,0.8588235294117647,1,5.62890625,9.62890625
11,38,3.359758810089084,192.49999999999997,0.5801104972375691,0.6535947712418301,3,5.62890625,9.62890625
11,39,3.447025272688801,197.5,0.38858195211786367,0.5568627450980391,3,5.62890625,9.62890625
11,40,3.5342917352885173,202.5,0.4696132596685083,0.5071895424836601,3,5.62890625,9.62890625
11,41,3.6215581978882336,207.5,0.37937384898710863,0.5725490196078432,3,5.62890625,9.62890625
11,42,3.70882466048795,212.5,0.4125230202578269,0.5150326797385621,3,5.62890625,9.62890625
11,43,3.796091123087667,217.5,0.3664825046040516,0.39477124183006534,3,5.62890625,9.62890625
11,44,3.883357585687383,222.5,0.3370165745856354,0.47058823529411764,1,5.62890625,9.62890625
11,45,3.9706240482870996,227.5,0.35635359116022103,0.37450980392156863,4,5.62890625,9.62890625
11,46,4.057890510886816,232.5,0.3278084714548803,0.2823529411764706,3,5.62890625,9.62890625
11,47,4.145156973486532,237.49999999999997,0.32044198895027626,0.27973856209150333,3,5.62890625,9.62890625
11,48,4.232423436086249,242.49999999999997,0.2688766114180479,0.22483660130718955,3,5.62890625,9.62890625
11,49,4.319689898685965,247.49999999999997,0.29465930018416203,0.20653594771241832,3,5.62890625,9.62890625
11,50,4.4069563612856815,252.49999999999997,0.21915285451197053,0.17777777777777778,3,5.62890625,9.62890625
11,51,4.494222823885399,257.5,0.287292817679558,0.20130718954248364,3,5.62890625,9.62890625
11,52,4.581489286485115,262.5,0.16574585635359115,0.1411764705882353,1,5.62890625,9.62890625
11,53,4.6687557490848315,267.5,0.24447513812154698,0.20196078431372547,4,5.62890625,9.62890625
11,54,4.756022211684548,272.5,0.2430939226519337,0.23431372549019608,4,5.62890625,9.62890625
11,55,4.843288674284264,277.5,0.13812154696132597,0.23529411764705882,1,5.62890625,9.62890625
11,56,4.930555136883981,282.5,0.26151012891344383,0.29411764705882354,3,5.62890625,9.62890625
11,57,5.017821599483697,287.5,0.2117863720073665,0.29411764705882354,3,5.62890625,9.62890625
11,58,5.105088062083413,292.5,0.18968692449355432,0.2928104575163399,3,5.62890625,9.62890625
11,59,5.192354524683131,297.5,0.2412523020257827,0.38692810457516336,3,5.62890625,9.62890625
11,60,5.279620987282847,302.5,0.2117863720073665,0.32941176470588235,3,5.62890625,9.62890625
11,61,5.366887449882563,307.5,0.1694290976058932,0.24575163398692812,3,5.62890625,9.62890625
11,62,5.45415391248228,312.5,0.19889502762430938,0.3411764705882353,1,5.62890625,9.62890625
11,63,5.541420375081996,317.5,0.19475138121546964,0.2245098039215686,4,5.62890625,9.62890625
11,64,5.6286868376817125,322.5,0.13996316758747698,0.1411764705882353,3,5.62890625,9.62890625
11,65,5.715953300281429,327.5,0.15837937384898712,0.12679738562091503,3,5.62890625,9.62890625
11,66,5.803219762881145,332.5,0.1528545119705341,0.10718954248366012,3,5.62890625,9.62890625
11,67,5.890486225480862,337.5,0.0865561694290976,0.0784313725490196,3,5.62890625,9.62890625
11,68,5.977752688080578,342.49999999999994,0.10128913443830571,0.07058823529411765,3,5.62890625,9.62890625
11,69,6.065019150680295,347.5,0.11049723756906077,0.06928104575163398,3,5.62890625,9.62890625
11,70,6.152285613280012,352.5,0.0718232044198895,0.07450980392156863,1,5.62890625,9.62890625
11,71,6.239552075879728,357.5,0.09116022099447513,0.07156862745098039,4,5.62890625,9.62890625
12,0,0.04363323129985824,2.5,0.1032967032967033,0.07686274509803921,5,7.1982421875,11.9970703125
12,1,0.1308996938995747,7.499999999999999,0.06593406593406594,0.08627450980392155,3,7.1982421875,11.9970703125
12,2,0.21816615649929116,12.499999999999998,0.09010989010989011,0.07843137254901962,5,7.1982421875,11.9970703125
12,3,0.30543261909900765,17.5,0.08974358974358976,0.07450980392156863,3,7.1982421875,11.9970703125
12,4,0.39269908169872414,22.5,0.08241758241758242,0.09019607843137255,3,7.1982421875,11.9970703125
12,5,0.4799655442984406,27.5,0.0912087912087912,0.08,5,7.1982421875,11.9970703125
12,6,0.5672320068981571,32.5,0.0912087912087912,0.09254901960784313,5,7.1982421875,11.9970703125
12,7,0.6544984694978735,37.49999999999999,0.10989010989010989,0.10588235294117647,2,7.1982421875,11.9970703125
12,8,0.7417649320975901,42.5,0.10622710622710622,0.10588235294117647,3,7.1982421875,11.9970703125
12,9,0.8290313946973065,47.5,0.11538461538461538,0.10718954248366014,6,7.1982421875,11.9970703125
12,10,0.9162978572970231,52.50000000000001,0.12637362637362637,0.12941176470588234,2,7.1982421875,11.9970703125
12,11,1.0035643198967394,57.5,0.11648351648351649,0.12470588235294118,5,7.1982421875,11.9970703125
12,12,1.090830782496456,62.50000000000001,0.11648351648351649,0.11764705882352941,5,7.1982421875,11.9970703125
12,13,1.1780972450961724,67.5,0.1446886446886447,0.1503267973856209,3,7.1982421875,11.9970703125
12,14,1.2653637076958888,72.5,0.10805860805860805,0.12679738562091503,3,7.1982421875,11.9970703125
12,15,1.3526301702956054,77.5,0.12967032967032965,0.14901960784313725,5,7.1982421875,11.9970703125
12,16,1.4398966328953218,82.5,0.17582417582417584,0.19607843137254902,3,7.1982421875,11.9970703125
12,17,1.5271630954950384,87.5,0.15384615384615385,0.17254901960784313,5,7.1982421875,11.9970703125
12,18,1.6144295580947547,92.5,0.18351648351648353,0.19294117647058823,5,7.1982421875,11.9970703125
12,19,1.7016960206944711,97.49999999999999,0.2692307692307692,0.27320261437908494,3,7.1982421875,11.9970703125
12,20,1.7889624832941877,102.5,0.22747252747252747,0.2407843137254902,5,7.1982421875,11.9970703125
12,21,1.8762289458939043,107.5,0.2271062271062271,0.23790849673202616,3,7.1982421875,11.9970703125
12,22,1.9634954084936207,112.5,0.3223443223443223,0.33464052287581697,3,7.1982421875,11.9970703125
12,23,2.050761871093337,117.5,0.2604395604395604,0.2925490196078431,5,7.1982421875,11.9970703125
12,24,2.1380283336930535,122.49999999999999,0.3164835164835164,0.3592156862745098,5,7.1982421875,11.9970703125
12,25,2.2252947962927703,127.50000000000001,0.37362637362637363,0.40980392156862744,2,7.1982421875,11.9970703125
12,26,2.3125612588924866,132.5,0.4157509157509158,0.411764705882353,3,7.1982421875,11.9970703125
12,27,2.399827721492203,137.5,0.4606227106227106,0.40915032679738556,6,7.1982421875,11.9970703125
12,28,2.4870941840919194,142.5,0.5961538461538461,0.5,2,7.1982421875,11.9970703125
12,29,2.574360646691636,147.49999999999997,0.6263736263736264,0.5090196078431373,5,7.1982421875,11.9970703125
12,30,2.6616271092913526,152.5,0.6252747252747253,0.5270588235294118,5,7.1982421875,11.9970703125
12,31,2.748893571891069,157.5,0.8205128205128206,0.6993464052287582,3,7.1982421875,11.9970703125
12,32,2.8361600344907854,162.5,0.717948717948718,0.6418300653594771,3,7.1982421875,11.9970703125
12,33,2.9234264970905017,167.5,0.8065934065934066,0.7647058823529411,5,7.1982421875,11.9970703125
12,34,3.0106929596902186,172.5,0.8791208791208791,0.9202614379084967,3,7.1982421875,11.9970703125
12,35,3.097959422289935,177.5,0.8131868131868132,0.8188235294117646,5,7.1982421875,11.9970703125
12,36,3.1852258848896513,182.5,0.8384615384615385,0.828235294117647,5,7.1982421875,11.9970703125
12,37,3.2724923474893677,187.5,0.7362637362637363,0.8039215686274509,3,7.1982421875,11.9970703125
12,38,3.359758810089084,192.49999999999997,0.7329670329670329,0.7035294117647058,5,7.1982421875,11.9970703125
12,39,3.447025272688801,197.5,0.7380952380952381,0.6915032679738563,3,7.1982421875,11.9970703125
12,40,3.5342917352885173,202.5,0.554945054945055,0.6065359477124184,3,7.1982421875,11.9970703125
12,41,3.6215581978882336,207.5,0.5373626373626375,0.5905882352941176,5,7.1982421875,11.9970703125
12,42,3.70882466048795,212.5,0.42857142857142855,0.5380392156862744,5,7.1982421875,11.9970703125
12,43,3.796091123087667,217.5,0.3791208791208791,0.5058823529411764,2,7.1982421875,11.9970703125
12,44,3.883357585687383,222.5,0.3516483516483517,0.4562091503267974,3,7.1982421875,11.9970703125
12,45,3.9706240482870996,227.5,0.3315018315018315,0.3934640522875817,6,7.1982421875,11.9970703125
12,46,4.057890510886816,232.5,0.2802197802197802,0.27647058823529413,2,7.1982421875,11.9970703125
12,47,4.145156973486532,237.49999999999997,0.2681318681318681,0.2392156862745098,5,7.1982421875,11.9970703125
12,48,4.232423436086249,242.49999999999997,0.2813186813186813,0.2007843137254902,5,7.1982421875,11.9970703125
12,49,4.319689898685965,247.49999999999997,0.16849816849816848,0.12679738562091503,3,7.1982421875,11.9970703125
12,50,4.4069563612856815,252.49999999999997,0.21978021978021978,0.15555555555555556,3,7.1982421875,11.9970703125
12,51,4.494222823885399,257.5,0.178021978021978,0.12313725490196079,5,7.1982421875,11.9970703125
12,52,4.581489286485115,262.5,0.11904761904761905,0.0784313725490196,3,7.1982421875,11.9970703125
12,53,4.6687557490848315,267.5,0.178021978021978,0.13254901960784313,5,7.1982421875,11.9970703125
12,54,4.756022211684548,272.5,0.17362637362637362,0.15529411764705883,5,7.1982421875,11.9970703125
12,55,4.843288674284264,277.5,0.1282051282051282,0.12941176470588237,3,7.1982421875,11.9970703125
12,56,4.930555136883981,282.5,0.16703296703296702,0.2062745098039216,5,7.1982421875,11.9970703125
12,57,5.017821599483697,287.5,0.1794871794871795,0.269281045751634,3,7.1982421875,11.9970703125
12,58,5.105088062083413,292.5,0.13553113553113552,0.24575163398692812,3,7.1982421875,11.9970703125
12,59,5.192354524683131,297.5,0.18571428571428572,0.2752941176470588,5,7.1982421875,11.9970703125
12,60,5.279620987282847,302.5,0.18021978021978022,0.25254901960784315,5,7.1982421875,11.9970703125
12,61,5.366887449882563,307.5,0.1565934065934066,0.24313725490196078,2,7.1982421875,11.9970703125
12,62,5.45415391248228,312.5,0.173992673992674,0.2169934640522876,3,7.1982421875,11.9970703125
12,63,5.541420375081996,317.5,0.1932234432234432,0.1941176470588235,6,7.1982421875,11.9970703125
12,64,5.6286868376817125,322.5,0.15109890109890112,0.16666666666666669,2,7.1982421875,11.9970703125
12,65,5.715953300281429,327.5,0.15824175824175826,0.1427450980392157,5,7.1982421875,11.9970703125
12,66,5.803219762881145,332.5,0.15274725274725276,0.1223529411764706,5,7.1982421875,11.9970703125
12,67,5.890486225480862,337.5,0.10989010989010989,0.12287581699346406,3,7.1982421875,11.9970703125
12,68,5.977752688080578,342.49999999999994,0.15018315018315018,0.1019607843137255,3,7.1982421875,11.9970703125
12,69,6.065019150680295,347.5,0.11648351648351647,0.0949019607843137,5,7.1982421875,11.9970703125
12,70,6.152285613280012,352.5,0.07326007326007326,0.09542483660130718,3,7.1982421875,11.9970703125
12,71,6.239552075879728,357.5,0.11208791208791209,0.08,5,7.1982421875,11.9970703125
13,0,0.04363323129985824,2.5,0.15166666666666667,0.09313725490196079,4,5.62890625,9.62890625
13,1,0.1308996938995747,7.499999999999999,0.16,0.10196078431372549,1,5.62890625,9.62890625
13,2,0.21816615649929116,12.499999999999998,0.12444444444444443,0.0849673202614379,3,5.62890625,9.62890625
13,3,0.30543261909900765,17.5,0.10666666666666665,0.0784313725490196,3,5.62890625,9.62890625
13,4,0.39269908169872414,22.5,0.08,0.07450980392156863,3,5.62890625,9.62890625
13,5,0.4799655442984406,27.5,0.14,0.08366013071895424,3,5.62890625,9.62890625
13,6,0.5672320068981571,32.5,0.10000000000000002,0.07320261437908497,3,5.62890625,9.62890625
13,7,0.6544984694978735,37.49999999999999,0.07777777777777778,0.06928104575163398,3,5.62890625,9.62890625
13,8,0.7417649320975901,42.5,0.11333333333333333,0.08627450980392157,1,5.62890625,9.62890625
13,9,0.8290313946973065,47.5,0.08333333333333334,0.0784313725490196,4,5.62890625,9.62890625
13,10,0.9162978572970231,52.50000000000001,0.08,0.07058823529411765,3,5.62890625,9.62890625
13,11,1.0035643198967394,57.5,0.08888888888888889,0.07450980392156863,3,5.62890625,9.62890625
13,12,1.090830782496456,62.50000000000001,0.1311111111111111,0.09803921568627451,3,5.62890625,9.62890625
13,13,1.1780972450961724,67.5,0.09777777777777778,0.07189542483660132,3,5.62890625,9.62890625
13,14,1.2653637076958888,72.5,0.09777777777777778,0.07450980392156863,3,5.62890625,9.62890625
13,15,1.3526301702956054,77.5,0.14,0.07189542483660132,3,5.62890625,9.62890625
13,16,1.4398966328953218,82.5,0.20666666666666667,0.1803921568627451,1,5.62890625,9.62890625
13,17,1.5271630954950384,87.5,0.16166666666666665,0.09313725490196079,4,5.62890625,9.62890625
13,18,1.6144295580947547,92.5,0.1716666666666667,0.09215686274509804,4,5.62890625,9.62890625
13,19,1.7016960206944711,97.49999999999999,0.22,0.2,1,5.62890625,9.62890625
13,20,1.7889624832941877,102.5,0.1711111111111111,0.06535947712418301,3,5.62890625,9.62890625
13,21,1.8762289458939043,107.5,0.12666666666666668,0.07189542483660132,3,5.62890625,9.62890625
13,22,1.9634954084936207,112.5,0.17111111111111113,0.07450980392156863,3,5.62890625,9.62890625
13,23,2.050761871093337,117.5,0.20222222222222222,0.12026143790849673,3,5.62890625,9.62890625
13,24,2.1380283336930535,122.49999999999999,0.18888888888888888,0.08366013071895424,3,5.62890625,9.62890625
13,25,2.2252947962927703,127.50000000000001,0.1511111111111111,0.09542483660130718,3,5.62890625,9.62890625
13,26,2.3125612588924866,132.5,0.23333333333333334,0.13333333333333333,1,5.62890625,9.62890625
13,27,2.399827721492203,137.5,0.24833333333333335,0.13137254901960785,4,5.62890625,9.62890625
13,28,2.4870941840919194,142.5,0.21555555555555558,0.13856209150326795,3,5.62890625,9.62890625
13,29,2.574360646691636,147.49999999999997,0.28,0.16732026143790849,3,5.62890625,9.62890625
13,30,2.6616271092913526,152.5,0.34,0.28496732026143795,3,5.62890625,9.62890625
13,31,2.748893571891069,157.5,0.3111111111111111,0.23398692810457514,3,5.62890625,9.62890625
13,32,2.8361600344907854,162.5,0.33555555555555555,0.3006535947712418,3,5.62890625,9.62890625
13,33,2.9234264970905017,167.5,0.4222222222222222,0.3738562091503268,3,5.62890625,9.62890625
13,34,3.0106929596902186,172.5,0.7866666666666666,0.7725490196078432,1,5.62890625,9.62890625
13,35,3.097959422289935,177.5,0.5933333333333333,0.5558823529411765,4,5.62890625,9.62890625
13,36,3.1852258848896513,182.5,0.68,0.6401960784313726,4,5.62890625,9.62890625
13,37,3.2724923474893677,187.5,0.9133333333333333,0.8941176470588236,1,5.62890625,9.62890625
13,38,3.359758810089084,192.49999999999997,0.6955555555555555,0.6313725490196078,3,5.62890625,9.62890625
13,39,3.447025272688801,197.5,0.6555555555555556,0.5803921568627451,3,5.62890625,9.62890625
13,40,3.5342917352885173,202.5,0.6644444444444444,0.5437908496732026,3,5.62890625,9.62890625
13,41,3.6215581978882336,207.5,0.7866666666666666,0.7019607843137255,3,5.62890625,9.62890625
13,42,3.70882466048795,212.5,0.7466666666666666,0.6209150326797386,3,5.62890625,9.62890625
13,43,3.796091123087667,217.5,0.5777777777777778,0.4980392156862745,3,5.62890625,9.62890625
13,44,3.883357585687383,222.5,0.7066666666666667,0.6470588235294118,1,5.62890625,9.62890625
13,45,3.9706240482870996,227.5,0.635,0.5137254901960785,4,5.62890625,9.62890625
13,46,4.057890510886816,232.5,0.4977777777777778,0.3908496732026144,3,5.62890625,9.62890625
13,47,4.145156973486532,237.49999999999997,0.5688888888888889,0.40130718954248373,3,5.62890625,9.62890625
13,48,4.232423436086249,242.49999999999997,0.4688888888888889,0.3490196078431373,3,5.62890625,9.62890625
13,49,4.319689898685965,247.49999999999997,0.43333333333333335,0.2980392156862745,3,5.62890625,9.62890625
13,50,4.4069563612856815,252.49999999999997,0.32666666666666666,0.265359477124183,3,5.62890625,9.62890625
13,51,4.494222823885399,257.5,0.4155555555555555,0.2771241830065359,3,5.62890625,9.62890625
13,52,4.581489286485115,262.5,0.22,0.21568627450980393,1,5.62890625,9.62890625
13,53,4.6687557490848315,267.5,0.3516666666666667,0.26078431372549016,4,5.62890625,9.62890625
13,54,4.756022211684548,272.5,0.3616666666666667,0.27254901960784317,4,5.62890625,9.62890625
13,55,4.843288674284264,277.5,0.17333333333333334,0.24705882352941178,1,5.62890625,9.62890625
13,56,4.930555136883981,282.5,0.39111111111111113,0.3111111111111111,3,5.62890625,9.62890625
13,57,5.017821599483697,287.5,0.2777777777777778,0.2954248366013072,3,5.62890625,9.62890625
13,58,5.105088062083413,292.5,0.2355555555555556,0.2797385620915033,3,5.62890625,9.62890625
13,59,5.192354524683131,297.5,0.3111111111111111,0.3254901960784314,3,5.62890625,9.62890625
13,60,5.279620987282847,302.5,0.24444444444444444,0.2849673202614379,3,5.62890625,9.62890625
13,61,5.366887449882563,307.5,0.17333333333333334,0.2026143790849673,3,5.62890625,9.62890625
13,62,5.45415391248228,312.5,0.18666666666666668,0.2627450980392157,1,5.62890625,9.62890625
13,63,5.541420375081996,317.5,0.18,0.19117647058823528,4,5.62890625,9.62890625
13,64,5.6286868376817125,322.5,0.1288888888888889,0.13856209150326798,3,5.62890625,9.62890625
13,65,5.715953300281429,327.5,0.1711111111111111,0.14379084967320263,3,5.62890625,9.62890625
13,66,5.803219762881145,332.5,0.21333333333333335,0.13725490196078433,3,5.62890625,9.62890625
13,67,5.890486225480862,337.5,0.10666666666666665,0.1111111111111111,3,5.62890625,9.62890625
13,68,5.977752688080578,342.49999999999994,0.13555555555555557,0.10718954248366012,3,5.62890625,9.62890625
13,69,6.065019150680295,347.5,0.16,0.10457516339869281,3,5.62890625,9.62890625
13,70,6.152285613280012,352.5,0.18,0.12156862745098039,1,5.62890625,9.62890625
13,71,6.239552075879728,357.5,0.16833333333333333,0.1,4,5.62890625,9.62890625
14,0,0.04363323129985824,2.5,0.10283687943262412,0.07549019607843137,4,5.62890625,9.62890625
14,1,0.1308996938995747,7.499999999999999,0.10638297872340426,0.058823529411764705,1,5.62890625,9.62890625
14,2,0.21816615649929116,12.499999999999998,0.10874704491725769,0.07450980392156863,3,5.62890625,9.62890625
14,3,0.30543261909900765,17.5,0.08274231678486998,0.07320261437908497,3,5.62890625,9.62890625
14,4,0.39269908169872414,22.5,0.07092198581560284,0.07320261437908497,3,5.62890625,9.62890625
14,5,0.4799655442984406,27.5,0.13238770685579196,0.07712418300653595,3,5.62890625,9.62890625
14,6,0.5672320068981571,32.5,0.07565011820330969,0.07712418300653595,3,5.62890625,9.62890625
14,7,0.6544984694978735,37.49999999999999,0.08510638297872342,0.07712418300653595,3,5.62890625,9.62890625
14,8,0.7417649320975901,42.5,0.12056737588652482,0.08627450980392157,1,5.62890625,9.62890625
14,9,0.8290313946973065,47.5,0.11702127659574468,0.08627450980392157,4,5.62890625,9.62890625
14,10,0.9162978572970231,52.50000000000001,0.09692671394799053,0.08104575163398693,3,5.62890625,9.62890625
14,11,1.0035643198967394,57.5,0.10401891252955082,0.08758169934640524,3,5.62890625,9.62890625
14,12,1.090830782496456,62.50000000000001,0.13238770685579196,0.09673202614379084,3,5.62890625,9.62890625
14,13,1.1780972450961724,67.5,0.08747044917257683,0.08758169934640524,3,5.62890625,9.62890625
14,14,1.2653637076958888,72.5,0.0945626477541371,0.09411764705882353,3,5.62890625,9.62890625
14,15,1.3526301702956054,77.5,0.13711583924349882,0.09934640522875816,3,5.62890625,9.62890625
14,16,1.4398966328953218,82.5,0.15602836879432624,0.1803921568627451,1,5.62890625,9.62890625
14,17,1.5271630954950384,87.5,0.15602836879432624,0.12450980392156863,4,5.62890625,9.62890625
14,18,1.6144295580947547,92.5,0.1826241134751773,0.1303921568627451,4,5.62890625,9.62890625
14,19,1.7016960206944711,97.49999999999999,0.23404255319148937,0.23137254901960785,1,5.62890625,9.62890625
14,20,1.7889624832941877,102.5,0.21040189125295505,0.10457516339869281,3,5.62890625,9.62890625
14,21,1.8762289458939043,107.5,0.19858156028368792,0.10588235294117647,3,5.62890625,9.62890625
14,22,1.9634954084936207,112.5,0.21513002364066194,0.10457516339869281,3,5.62890625,9.62890625
14,23,2.050761871093337,117.5,0.326241134751773,0.13856209150326795,3,5.62890625,9.62890625
14,24,2.1380283336930535,122.49999999999999,0.3238770685579196,0.09934640522875816,3,5.62890625,9.62890625
14,25,2.2252947962927703,127.50000000000001,0.23167848699763594,0.10326797385620916,3,5.62890625,9.62890625
14,26,2.3125612588924866,132.5,0.40425531914893614,0.12549019607843137,1,5.62890625,9.62890625
14,27,2.399827721492203,137.5,0.38652482269503546,0.1215686274509804,4,5.62890625,9.62890625
14,28,2.4870941840919194,142.5,0.3215130023640662,0.12549019607843137,3,5.62890625,9.62890625
14,29,2.574360646691636,147.49999999999997,0.4491725768321513,0.1477124183006536,3,5.62890625,9.62890625
14,30,2.6616271092913526,152.5,0.49408983451536637,0.24836601307189543,3,5.62890625,9.62890625
14,31,2.748893571891069,157.5,0.4468085106382979,0.21045751633986928,3,5.62890625,9.62890625
14,32,2.8361600344907854,162.5,0.4609929078014184,0.269281045751634,3,5.62890625,9.62890625
14,33,2.9234264970905017,167.5,0.557919621749409,0.33856209150326794,3,5.62890625,9.62890625
14,34,3.0106929596902186,172.5,0.6028368794326241,0.7137254901960784,1,5.62890625,9.62890625
14,35,3.097959422289935,177.5,0.6329787234042553,0.5176470588235295,4,5.62890625,9.62890625
14,36,3.1852258848896513,182.5,0.6755319148936171,0.6078431372549019,4,5.62890625,9.62890625
14,37,3.2724923474893677,187.5,0.5673758865248227,0.8980392156862745,1,5.62890625,9.62890625
14,38,3.359758810089084,192.49999999999997,0.6973995271867612,0.5947712418300654,3,5.62890625,9.62890625
14,39,3.447025272688801,197.5,0.5177304964539008,0.5568627450980392,3,5.62890625,9.62890625
14,40,3.5342917352885173,202.5,0.6855791962174941,0.5124183006535947,3,5.62890625,9.62890625
14,41,3.6215581978882336,207.5,0.6359338061465721,0.6954248366013073,3,5.62890625,9.62890625
14,42,3.70882466048795,212.5,0.640661938534279,0.5895424836601307,3,5.62890625,9.62890625
14,43,3.796091123087667,217.5,0.5366430260047281,0.46928104575163393,3,5.62890625,9.62890625
14,44,3.883357585687383,222.5,0.5815602836879432,0.6352941176470588,1,5.62890625,9.62890625
14,45,3.9706240482870996,227.5,0.599290780141844,0.4872549019607843,4,5.62890625,9.62890625
14,46,4.057890510886816,232.5,0.5082742316784871,0.35294117647058826,3,5.62890625,9.62890625
14,47,4.145156973486532,237.49999999999997,0.5697399527186762,0.3568627450980392,3,5.62890625,9.62890625
14,48,4.232423436086249,242.49999999999997,0.5768321513002364,0.3176470588235294,3,5.62890625,9.62890625
14,49,4.319689898685965,247.49999999999997,0.5011820330969267,0.2562091503267974,3,5.62890625,9.62890625
14,50,4.4069563612856815,252.49999999999997,0.458628841607565,0.23398692810457514,3,5.62890625,9.62890625
14,51,4.494222823885399,257.5,0.6359338061465721,0.24836601307189543,3,5.62890625,9.62890625
14,52,4.581489286485115,262.5,0.2553191489361702,0.20784313725490197,1,5.62890625,9.62890625
14,53,4.6687557490848315,267.5,0.47340425531914887,0.25392156862745097,4,5.62890625,9.62890625
14,54,4.756022211684548,272.5,0.3953900709219858,0.2941176470588235,4,5.62890625,9.62890625
14,55,4.843288674284264,277.5,0.22695035460992907,0.30196078431372547,1,5.62890625,9.62890625
14,56,4.930555136883981,282.5,0.3806146572104019,0.35947712418300654,3,5.62890625,9.62890625
14,57,5.017821599483697,287.5,0.309692671394799,0.3607843137254902,3,5.62890625,9.62890625
14,58,5.105088062083413,292.5,0.2765957446808511,0.35294117647058826,3,5.62890625,9.62890625
14,59,5.192354524683131,297.5,0.3617021276595745,0.41568627450980394,3,5.62890625,9.62890625
14,60,5.279620987282847,302.5,0.34278959810874704,0.3738562091503268,3,5.62890625,9.62890625
14,61,5.366887449882563,307.5,0.2434988179669031,0.27320261437908494,3,5.62890625,9.62890625
14,62,5.45415391248228,312.5,0.2978723404255319,0.34901960784313724,1,5.62890625,9.62890625
14,63,5.541420375081996,317.5,0.26773049645390073,0.25784313725490193,4,5.62890625,9.62890625
14,64,5.6286868376817125,322.5,0.18676122931442082,0.18169934640522878,3,5.62890625,9.62890625
14,65,5.715953300281429,327.5,0.2293144208037825,0.1895424836601307,3,5.62890625,9.62890625
14,66,5.803219762881145,332.5,0.2434988179669031,0.16601307189542483,3,5.62890625,9.62890625
14,67,5.890486225480862,337.5,0.12293144208037825,0.13071895424836602,3,5.62890625,9.62890625
14,68,5.977752688080578,342.49999999999994,0.13947990543735225,0.1176470588235294,3,5.62890625,9.62890625
14,69,6.065019150680295,347.5,0.15602836879432624,0.10588235294117647,3,5.62890625,9.62890625
14,70,6.152285613280012,352.5,0.11347517730496454,0.08627450980392157,1,5.62890625,9.62890625
14,71,6.239552075879728,357.5,0.12056737588652483,0.08627450980392157,4,5.62890625,9.62890625
